upk,CD8+ T cells,CD4+ T cells,Regulatory T cells,NK cells,B cells,M1 macrophages,M2 macrophages,Dendritic cells,Neutrophils,Immune checkpoints,Interferon signature
VENHQS1DUy00OTM4OmxnZ190Y2dhX3Bhbl9jYW5fYXRsYXNfMjAxOA,-0.4940666666666666,-0.6542166666666667,-0.9968999999999999,-0.91236,-0.303425,0.014359999999999994,0.40184,-0.06830000000000003,-0.5788200000000001,-0.5237833333333334,-0.8037600000000001
VENHQS1DUy00OTQ0OmxnZ190Y2dhX3Bhbl9jYW5fYXRsYXNfMjAxOA,0.6748166666666667,-0.6746500000000001,-0.13454000000000002,-0.7326600000000001,-0.48085,-0.8896,0.8512000000000001,-0.21152000000000007,-0.34038,-0.32015,-0.57846
VENHQS1DUy00OTQxOmxnZ190Y2dhX3Bhbl9jYW5fYXRsYXNfMjAxOA,1.5496666666666667,1.5856166666666667,0.2866,0.27638,3.1651,1.20974,0.34686000000000006,0.78378,0.8876200000000001,1.2258666666666664,1.4114799999999998
VENHQS1DUy00OTQyOmxnZ190Y2dhX3Bhbl9jYW5fYXRsYXNfMjAxOA,0.010650000000000012,0.32058333333333344,0.26924,-0.55356,-0.022175,-0.25650000000000006,0.17742000000000005,0.74444,-0.026960000000000005,0.9747833333333333,0.80906
VENHQS1DUy00OTQzOmxnZ190Y2dhX3Bhbl9jYW5fYXRsYXNfMjAxOA,-0.5235666666666667,-0.35071666666666673,-0.8749399999999999,-0.9898399999999998,-0.24372500000000002,0.09170000000000002,0.27118000000000003,-0.18317999999999998,0.1893,-0.42264999999999997,-0.44641999999999993
VENHQS1DUy01Mzk0OmxnZ190Y2dhX3Bhbl9jYW5fYXRsYXNfMjAxOA,-0.60095,-0.5586833333333333,-0.5683,-1.0234999999999999,-0.6184,-0.6503,-0.69702,-1.9255,-1.15418,-1.23295,-0.86736
VENHQS1DUy01Mzk1OmxnZ190Y2dhX3Bhbl9jYW5fYXRsYXNfMjAxOA,-0.03423333333333334,-0.5657333333333333,-0.5388999999999999,-0.9267,-0.16389999999999993,-0.6272,-0.333,-0.62072,-0.06976,-0.6809833333333334,-0.57758
VENHQS1DUy01Mzk2OmxnZ190Y2dhX3Bhbl9jYW5fYXRsYXNfMjAxOA,-0.18936666666666666,-0.012266666666666648,0.39268000000000003,-0.3791,-0.3637,-0.8926200000000002,0.5581799999999999,-0.93732,0.16255999999999998,-0.19151666666666664,-0.09023999999999999
VENHQS1DUy01Mzk3OmxnZ190Y2dhX3Bhbl9jYW5fYXRsYXNfMjAxOA,-0.20498333333333332,-0.25945,0.60338,-0.47892,-0.404825,0.10722000000000001,0.30100000000000005,0.54604,0.29022000000000003,0.009149999999999955,-0.09437999999999998
VENHQS1DUy01MzkwOmxnZ190Y2dhX3Bhbl9jYW5fYXRsYXNfMjAxOA,0.08896666666666664,0.10408333333333332,-0.5052,-0.8553600000000001,-0.79375,-0.54208,-0.9663,-0.64064,-1.2102799999999998,-0.4953666666666667,-0.68678
VENHQS1DUy01MzkzOmxnZ190Y2dhX3Bhbl9jYW5fYXRsYXNfMjAxOA,-0.2795166666666667,-0.5794333333333334,-0.5547799999999999,-0.45793999999999996,0.09597499999999999,-0.37376,0.4508,0.39990000000000003,0.9724,-0.3569,-0.8760399999999999
VENHQS1DUy02MTg2OmxnZ190Y2dhX3Bhbl9jYW5fYXRsYXNfMjAxOA,-0.9447500000000003,-0.4433833333333333,-0.66092,-0.3279,-0.7788999999999999,-0.11341999999999999,-0.8224,-0.5449400000000001,-0.12636000000000003,-0.4690666666666667,0.7029799999999999
VENHQS1DUy02MTg4OmxnZ190Y2dhX3Bhbl9jYW5fYXRsYXNfMjAxOA,-0.33840000000000003,-0.06266666666666668,-0.11719999999999994,-0.32659999999999995,-0.546675,0.60892,0.28554,0.26994,0.21315999999999996,-0.2613833333333333,0.29158
VENHQS1DUy02MjkwOmxnZ190Y2dhX3Bhbl9jYW5fYXRsYXNfMjAxOA,0.8426999999999999,0.4906,-0.7602399999999999,0.029400000000000003,0.32530000000000003,0.09438000000000002,1.0290599999999999,0.98626,0.9211199999999999,0.5192833333333333,0.41075999999999996
VENHQS1DUy02NjY1OmxnZ190Y2dhX3Bhbl9jYW5fYXRsYXNfMjAxOA,1.3778,1.5287666666666668,0.1286,0.6631199999999999,0.6288750000000001,1.33596,0.83248,0.8195599999999998,0.88042,0.7073833333333334,0.5143
VENHQS1DUy02NjY2OmxnZ190Y2dhX3Bhbl9jYW5fYXRsYXNfMjAxOA,0.20561666666666667,-0.11419999999999997,-1.07432,-0.86144,0.5972249999999999,0.26026,0.0349,-0.53746,0.2659,-0.4661666666666667,-0.08863999999999998
VENHQS1DUy02NjY3OmxnZ190Y2dhX3Bhbl9jYW5fYXRsYXNfMjAxOA,0.03038333333333335,-0.7566333333333334,-0.34006000000000003,-0.6177400000000001,0.21035000000000004,-0.47314,0.13240000000000002,-0.33682,0.9177199999999999,-0.5006499999999999,-1.12344
VENHQS1DUy02NjY4OmxnZ190Y2dhX3Bhbl9jYW5fYXRsYXNfMjAxOA,-0.5877166666666667,-1.1401333333333332,-0.63482,-0.93356,-1.01125,-0.8083199999999999,-1.59896,-0.9582200000000002,-1.63812,-0.6048666666666666,-0.9879199999999999
VENHQS1DUy02NjY5OmxnZ190Y2dhX3Bhbl9jYW5fYXRsYXNfMjAxOA,-0.7658333333333333,-0.6599666666666667,-0.14911999999999997,-0.9799999999999999,-0.3081249999999999,-1.1020600000000003,-1.2541799999999999,-1.0193,-1.9095,-1.36395,-1.0554999999999999
VENHQS1DUy02NjcwOmxnZ190Y2dhX3Bhbl9jYW5fYXRsYXNfMjAxOA,-1.004,-1.5337166666666666,-0.6598399999999999,-1.2314800000000001,-1.035975,-0.18229999999999996,-0.8006399999999999,-1.15334,-1.0745200000000001,-0.8817,-1.0735800000000002
VENHQS1EQi01Mjc0OmxnZ190Y2dhX3Bhbl9jYW5fYXRsYXNfMjAxOA,1.3005166666666665,-0.16360000000000005,0.19654,-0.035499999999999955,0.82065,0.4506,0.608,-0.37212,0.9504999999999999,0.29119999999999996,-0.13065999999999997
VENHQS1EQi01Mjc1OmxnZ190Y2dhX3Bhbl9jYW5fYXRsYXNfMjAxOA,-0.020599999999999997,-0.48275,-0.25136,-0.68506,-0.5248,0.06343999999999998,-0.34612000000000004,-0.09967999999999999,0.66066,0.5579333333333334,-0.35211999999999993
VENHQS1EQi01Mjc2OmxnZ190Y2dhX3Bhbl9jYW5fYXRsYXNfMjAxOA,1.1597333333333333,0.3238833333333333,-0.25610000000000005,0.061860000000000026,-0.1205,0.7725799999999999,0.33078,0.48438,0.17622,0.3815666666666666,0.35002
VENHQS1EQi01Mjc3OmxnZ190Y2dhX3Bhbl9jYW5fYXRsYXNfMjAxOA,-0.16655000000000003,-0.23753333333333337,-0.33687999999999996,-0.31276000000000004,-0.5535,0.1716,-0.35868,-0.2561000000000001,-1.2467000000000001,-0.48828333333333335,-0.27081999999999995
VENHQS1EQi01Mjc4OmxnZ190Y2dhX3Bhbl9jYW5fYXRsYXNfMjAxOA,-0.3513,-0.24811666666666668,-0.5567,-0.81996,-0.17735,-0.5148400000000001,-0.23982,-0.53948,-0.29996,-0.5114833333333334,-1.0168599999999999
VENHQS1EQi01Mjc5OmxnZ190Y2dhX3Bhbl9jYW5fYXRsYXNfMjAxOA,1.1536666666666668,0.18923333333333334,-0.65404,0.37742,-0.04302500000000001,0.8028799999999998,0.024060000000000015,-0.59936,1.9016399999999998,-0.2724999999999999,-0.64594
VENHQS1EQi01MjcwOmxnZ190Y2dhX3Bhbl9jYW5fYXRsYXNfMjAxOA,0.6400166666666666,-0.13908333333333334,0.0066200000000000035,-0.74124,-0.031100000000000017,1.14158,0.34806,0.38259999999999994,-0.3351,0.08024999999999999,0.47739999999999994
VENHQS1EQi01MjczOmxnZ190Y2dhX3Bhbl9jYW5fYXRsYXNfMjAxOA,0.046616666666666674,-0.41208333333333336,-1.01844,0.0033400000000000317,0.27855,0.03348000000000002,0.07916000000000001,0.24778000000000006,-0.21769999999999995,-0.08369999999999998,0.1567
VENHQS1EQi01MjgwOmxnZ190Y2dhX3Bhbl9jYW5fYXRsYXNfMjAxOA,-0.57705,-0.37679999999999997,-0.11842000000000001,-0.43874,-0.566075,-0.16512000000000002,0.6174200000000001,-0.09441999999999999,-0.56588,-0.3368166666666667,-0.6161
VENHQS1EQi01MjgxOmxnZ190Y2dhX3Bhbl9jYW5fYXRsYXNfMjAxOA,-0.03658333333333333,0.029949999999999977,0.01763999999999999,-0.4508,-0.523175,0.019100000000000006,0.3661,-0.27423999999999993,0.45115999999999995,-0.10410000000000003,-0.57162
VENHQS1EQi1BNFg5OmxnZ190Y2dhX3Bhbl9jYW5fYXRsYXNfMjAxOA,-1.4791,-1.1488833333333333,-0.03662,-1.48798,-0.7134750000000001,-0.20272,0.02313999999999996,0.23236000000000004,-1.09832,0.15006666666666668,-1.1745400000000001
VENHQS1EQi1BNFhBOmxnZ190Y2dhX3Bhbl9jYW5fYXRsYXNfMjAxOA,0.6206333333333334,-0.21564999999999998,-0.29394,-0.72496,0.012874999999999998,-0.11546000000000001,0.04406000000000001,0.3952,-0.38361999999999996,0.17463333333333333,-0.57194
VENHQS1EQi1BNFhCOmxnZ190Y2dhX3Bhbl9jYW5fYXRsYXNfMjAxOA,-0.2768333333333333,-0.28376666666666667,-0.4316399999999999,-0.7859200000000002,-0.04757499999999999,0.5712400000000001,-0.8881400000000002,-0.18996,-0.8539,-0.37048333333333333,-0.45074000000000003
VENHQS1EQi1BNFhDOmxnZ190Y2dhX3Bhbl9jYW5fYXRsYXNfMjAxOA,-0.020283333333333337,-0.28540000000000004,0.5345599999999999,-0.30484,-0.45714999999999995,-0.16698000000000002,0.42496,0.48878000000000005,0.51278,0.1537333333333333,-0.31781999999999994
VENHQS1EQi1BNFhEOmxnZ190Y2dhX3Bhbl9jYW5fYXRsYXNfMjAxOA,-1.2321666666666666,-0.8944000000000001,-0.46815999999999997,-0.93998,-0.480875,-0.20990000000000003,-0.05523999999999998,-0.70238,-0.31948,-0.8612833333333333,-0.9338200000000001
VENHQS1EQi1BNFhFOmxnZ190Y2dhX3Bhbl9jYW5fYXRsYXNfMjAxOA,-1.4147333333333332,-1.1971666666666667,-0.24541999999999997,-0.9117200000000001,-0.538225,-1.24318,-0.3022,-0.33754,-0.23416,-0.3469333333333333,-0.72174
VENHQS1EQi1BNFhGOmxnZ190Y2dhX3Bhbl9jYW5fYXRsYXNfMjAxOA,-0.2200333333333333,-0.46695,-0.03935999999999999,0.04464000000000001,-1.00835,-0.82454,0.4709200000000001,0.21303999999999998,-1.3998599999999999,-0.03296666666666664,-0.42363999999999996
VENHQS1EQi1BNFhHOmxnZ190Y2dhX3Bhbl9jYW5fYXRsYXNfMjAxOA,-1.5715666666666668,-1.2619166666666668,-0.11771999999999998,-1.34998,-1.5547750000000002,-1.0406,-1.6151400000000002,-1.13618,-1.5419399999999999,-1.2350333333333332,-1.13636
VENHQS1EQi1BNFhIOmxnZ190Y2dhX3Bhbl9jYW5fYXRsYXNfMjAxOA,-0.5058333333333334,-0.9616666666666666,0.04388,-0.96918,-0.9029999999999999,0.37014,-1.19696,-0.82516,-1.0439599999999998,-0.55855,-0.9606600000000001
VENHQS1EQi1BNjRMOmxnZ190Y2dhX3Bhbl9jYW5fYXRsYXNfMjAxOA,0.8017166666666666,-0.15705000000000002,0.21952000000000002,0.6563399999999999,1.0213500000000002,0.6606400000000001,-0.1125,-0.53422,1.9535399999999998,0.14588333333333334,-0.18436
VENHQS1EQi1BNjRPOmxnZ190Y2dhX3Bhbl9jYW5fYXRsYXNfMjAxOA,-0.4341,-0.7561666666666667,-0.36705999999999994,-0.8070999999999999,-0.39917500000000006,-0.58248,-0.3923,0.4260400000000001,0.01942,-0.46961666666666674,-0.3759
VENHQS1EQi1BNjRQOmxnZ190Y2dhX3Bhbl9jYW5fYXRsYXNfMjAxOA,-0.2157,-0.6361333333333333,-0.44352,-0.64482,-0.5823,0.26962,0.25736,-0.045419999999999995,-0.06396,-0.48480000000000006,-0.17093999999999995
VENHQS1EQi1BNjRROmxnZ190Y2dhX3Bhbl9jYW5fYXRsYXNfMjAxOA,-1.21455,-1.15475,-0.19849999999999995,-0.7772600000000001,-1.2151750000000001,-0.8872800000000002,-0.22944,-0.78286,-0.7025,-0.49718333333333337,-1.0432799999999998
VENHQS1EQi1BNjRSOmxnZ190Y2dhX3Bhbl9jYW5fYXRsYXNfMjAxOA,-1.0110333333333335,-1.1720166666666667,-0.13579999999999998,-0.30462,-1.3459249999999998,-0.68844,-0.8756,-1.32254,-1.01274,-0.8174333333333333,-1.0635400000000002
VENHQS1EQi1BNjRTOmxnZ190Y2dhX3Bhbl9jYW5fYXRsYXNfMjAxOA,-0.18094999999999997,-0.32505,-0.31754,-0.26888000000000006,0.597075,0.27806000000000003,1.0807,0.19798,0.7379200000000001,0.2603166666666667,-0.35546
VENHQS1EQi1BNjRVOmxnZ190Y2dhX3Bhbl9jYW5fYXRsYXNfMjAxOA,-0.9613833333333334,-0.9667833333333334,-0.78596,-0.84764,-0.7664,-0.20154,-0.43078000000000005,-0.74748,-0.7849999999999999,-0.5242333333333332,-0.9510200000000001
VENHQS1EQi1BNjRWOmxnZ190Y2dhX3Bhbl9jYW5fYXRsYXNfMjAxOA,1.625816666666667,0.06906666666666668,-0.21192000000000003,0.1624799999999999,-0.12734999999999996,-0.11114000000000002,0.25394,0.64022,0.10478000000000001,0.9020333333333334,0.53366
VENHQS1EQi1BNjRXOmxnZ190Y2dhX3Bhbl9jYW5fYXRsYXNfMjAxOA,-1.3081166666666668,-1.6537333333333333,-0.499,-0.7033799999999999,-0.62935,-1.0909600000000002,-2.0422599999999997,-1.69798,-1.79822,-0.9378666666666667,-1.2287200000000003
VENHQS1EQi1BNjRYOmxnZ190Y2dhX3Bhbl9jYW5fYXRsYXNfMjAxOA,-0.5148833333333334,-0.86445,-0.77432,-0.70938,-0.15705,0.07870000000000002,-0.24008000000000002,0.05942000000000003,0.043219999999999995,-0.41923333333333335,-0.74354
VENHQS1EQi1BNzVLOmxnZ190Y2dhX3Bhbl9jYW5fYXRsYXNfMjAxOA,-0.3707,-0.5952166666666666,-0.30532000000000004,-0.40758,-0.293525,0.69172,0.32326,-0.5783400000000001,0.5417000000000001,0.07808333333333332,0.2399
VENHQS1EQi1BNzVMOmxnZ190Y2dhX3Bhbl9jYW5fYXRsYXNfMjAxOA,-1.0564833333333332,-0.6602666666666667,-0.4085,-1.20548,-0.29672499999999996,-0.25412,0.30107999999999996,-0.08929999999999998,0.14415999999999998,-0.33888333333333326,-0.9353199999999999
VENHQS1EQi1BNzVNOmxnZ190Y2dhX3Bhbl9jYW5fYXRsYXNfMjAxOA,-0.677,-0.45480000000000004,-0.49948,-1.0554999999999999,-0.310325,-0.32416,0.23884,-0.010620000000000029,-0.4219399999999999,-0.44043333333333345,-0.8977599999999999
VENHQS1EQi1BNzVPOmxnZ190Y2dhX3Bhbl9jYW5fYXRsYXNfMjAxOA,-0.68045,-0.7204666666666667,-0.63618,-0.88156,0.066225,-0.73326,0.26496,0.14365999999999998,0.8187599999999999,-0.26705000000000007,-0.11581999999999999
VENHQS1EQi1BNzVQOmxnZ190Y2dhX3Bhbl9jYW5fYXRsYXNfMjAxOA,1.3083166666666666,0.20415000000000003,0.18934,-0.11865999999999999,-0.05662499999999995,0.57882,-0.51372,-0.37255999999999995,-0.69772,0.09630000000000001,-0.55526
VENHQS1ESC01MTQ0OmxnZ190Y2dhX3Bhbl9jYW5fYXRsYXNfMjAxOA,-0.23501666666666665,-0.67645,-0.18730000000000002,-0.54332,-0.8450249999999999,-0.32061999999999996,-0.77274,-0.9167400000000001,-1.09392,-0.4693333333333333,-0.8449
VENHQS1ESC01MTQwOmxnZ190Y2dhX3Bhbl9jYW5fYXRsYXNfMjAxOA,0.3027166666666667,-0.08834999999999997,-0.3769,-0.9509000000000001,-0.509625,-0.06437999999999999,-0.46674,-0.13598,-0.90208,-0.4239833333333333,-0.17104
VENHQS1ESC01MTQxOmxnZ190Y2dhX3Bhbl9jYW5fYXRsYXNfMjAxOA,-0.07241666666666667,-0.6076833333333334,-0.47176,-0.7097200000000001,-0.58005,0.44454000000000005,-0.3352,-0.81036,-0.56488,-0.39085,-0.46749999999999997
VENHQS1ESC01MTQyOmxnZ190Y2dhX3Bhbl9jYW5fYXRsYXNfMjAxOA,1.4334999999999998,0.6016,0.60584,1.9677,-0.575375,0.40224000000000004,0.5059,0.7670199999999999,0.85008,0.32289999999999996,1.05136
VENHQS1ESC01MTQzOmxnZ190Y2dhX3Bhbl9jYW5fYXRsYXNfMjAxOA,-0.638,-0.3779166666666667,-0.99164,-1.2146000000000001,-0.529975,0.20742000000000002,0.027459999999999984,0.26426,-0.3653400000000001,-0.24941666666666662,-0.25236000000000003
VENHQS1ESC1BN1VSOmxnZ190Y2dhX3Bhbl9jYW5fYXRsYXNfMjAxOA,0.14055000000000004,-0.8207333333333332,0.24484000000000009,0.18391999999999994,0.11965,0.24452,-0.9082000000000001,-1.14832,-1.7995,-0.7119333333333334,-0.8907
VENHQS1ESC1BN1VTOmxnZ190Y2dhX3Bhbl9jYW5fYXRsYXNfMjAxOA,-0.4751666666666667,-0.7974833333333334,-0.9560799999999998,-0.82538,-0.439125,-0.5283599999999999,-0.33965999999999996,-0.46937999999999996,-0.82136,-0.4513833333333334,-0.6633199999999999
VENHQS1ESC1BN1VUOmxnZ190Y2dhX3Bhbl9jYW5fYXRsYXNfMjAxOA,-1.0206333333333333,-1.2258666666666667,-1.1004999999999998,-0.9587600000000001,-0.321425,-0.2352,-0.07476000000000002,0.22697999999999996,0.19194,-0.28141666666666665,-0.5436
VENHQS1ESC1BN1VVOmxnZ190Y2dhX3Bhbl9jYW5fYXRsYXNfMjAxOA,-1.1175166666666667,-0.4563666666666666,-0.24188,-0.97848,-0.731725,0.17762000000000003,0.1655,-0.3517,-0.22721999999999998,-0.39629999999999993,-0.9972199999999999
VENHQS1ESC1BN1VWOmxnZ190Y2dhX3Bhbl9jYW5fYXRsYXNfMjAxOA,-1.0308333333333333,-0.7004833333333335,-0.37751999999999997,-0.23393999999999998,-0.323375,-0.44454000000000005,0.73424,0.11616000000000001,0.08036000000000001,0.17703333333333335,-1.12912
VENHQS1ESC1BNjY5OmxnZ190Y2dhX3Bhbl9jYW5fYXRsYXNfMjAxOA,0.1540833333333333,0.09739999999999997,0.5964600000000001,-0.61982,0.6344500000000001,0.12754000000000007,0.049800000000000046,-0.29222000000000004,-0.0772,1.0390333333333333,1.48466
VENHQS1ESC1BNjZCOmxnZ190Y2dhX3Bhbl9jYW5fYXRsYXNfMjAxOA,0.5960166666666666,0.4830833333333333,-0.1888,0.1396,0.32092499999999996,0.3529,0.6585599999999999,0.60738,0.63476,0.12696666666666667,0.6618999999999999
VENHQS1ESC1BNjZEOmxnZ190Y2dhX3Bhbl9jYW5fYXRsYXNfMjAxOA,-0.2294333333333333,0.011183333333333304,-0.10174000000000001,-0.28762000000000004,-0.35462499999999997,0.23743999999999996,0.24406000000000003,1.1360599999999998,0.06870000000000002,0.46213333333333334,-0.15868
VENHQS1ESC1BNjZGOmxnZ190Y2dhX3Bhbl9jYW5fYXRsYXNfMjAxOA,-0.54095,-0.3605833333333333,-0.79794,-1.00682,-1.189025,-1.0523799999999999,-0.16082,-0.85352,-0.3344999999999999,-0.6742333333333331,-0.48602000000000006
VENHQS1ESC1BNjZHOmxnZ190Y2dhX3Bhbl9jYW5fYXRsYXNfMjAxOA,0.3889833333333333,0.7435833333333334,0.9359999999999999,-0.011459999999999993,-0.5684499999999999,0.35238,0.8030200000000001,0.5989800000000001,0.29891999999999996,0.9751833333333333,0.16084000000000004
VENHQS1EVS01ODQ3OmxnZ190Y2dhX3Bhbl9jYW5fYXRsYXNfMjAxOA,1.5143666666666666,2.1691,1.33998,0.32034,0.8426,0.6368600000000001,0.9148600000000002,0.83084,0.86542,1.10015,0.9944599999999999
VENHQS1EVS01ODQ5OmxnZ190Y2dhX3Bhbl9jYW5fYXRsYXNfMjAxOA,0.4651166666666667,-0.31739999999999996,-0.3491000000000001,-0.87912,0.041700000000000015,0.17099999999999999,-0.28752000000000005,-0.7586999999999999,0.09914,-0.3680833333333333,-0.59688
VENHQS1EVS01ODU0OmxnZ190Y2dhX3Bhbl9jYW5fYXRsYXNfMjAxOA,1.2107666666666668,1.2016166666666668,-0.19444000000000008,0.39271999999999996,0.529925,0.02716,0.31223999999999996,0.5094000000000001,0.8602400000000001,0.0971,0.003980000000000006
VENHQS1EVS01ODU1OmxnZ190Y2dhX3Bhbl9jYW5fYXRsYXNfMjAxOA,-0.3134166666666667,-0.10871666666666664,-0.14711999999999997,-0.7516999999999999,-0.7369249999999999,0.2906,0.7998799999999999,0.54988,0.041280000000000004,0.29814999999999997,-0.33043999999999996
VENHQS1EVS01ODUxOmxnZ190Y2dhX3Bhbl9jYW5fYXRsYXNfMjAxOA,-0.70235,-0.9701166666666666,-0.43914,-0.6743999999999999,-0.56555,-0.21638000000000002,-0.26345999999999997,-0.17922,0.70938,-0.5379999999999999,-0.81178
VENHQS1EVS01ODUyOmxnZ190Y2dhX3Bhbl9jYW5fYXRsYXNfMjAxOA,0.56975,0.7407833333333332,-0.7002799999999999,-0.8962,0.20550000000000002,0.85854,0.45544,0.51074,0.91652,0.38815000000000005,0.23091999999999996
VENHQS1EVS01ODUzOmxnZ190Y2dhX3Bhbl9jYW5fYXRsYXNfMjAxOA,1.10765,1.8965333333333334,0.55288,-0.52584,0.46752499999999997,0.80862,0.42694,1.87292,1.0204,0.68385,0.13964000000000004
VENHQS1EVS01ODc0OmxnZ190Y2dhX3Bhbl9jYW5fYXRsYXNfMjAxOA,-0.3504833333333333,-0.7558666666666668,-0.07682,-0.61822,-0.26532500000000003,-0.9742200000000001,-0.75184,-1.1381400000000002,-0.63726,-0.723,-0.91774
VENHQS1EVS01ODcwOmxnZ190Y2dhX3Bhbl9jYW5fYXRsYXNfMjAxOA,-0.33136666666666664,-0.19513333333333335,-0.59598,-0.7720800000000001,-0.6817249999999999,-0.86738,-0.039479999999999994,0.12296,-0.6230399999999999,0.17251666666666665,-0.5186599999999999
VENHQS1EVS01ODcxOmxnZ190Y2dhX3Bhbl9jYW5fYXRsYXNfMjAxOA,-1.1057000000000001,-0.4279,-0.52954,-0.97502,-1.04175,0.08782000000000002,0.89892,0.38898000000000005,0.37418,0.15328333333333333,-0.53196
VENHQS1EVS01ODcyOmxnZ190Y2dhX3Bhbl9jYW5fYXRsYXNfMjAxOA,0.8872666666666666,0.8722833333333334,0.11939999999999999,0.39996,0.6848749999999999,0.6734399999999999,1.03368,0.7954800000000001,1.22714,0.4217666666666667,0.7024800000000001
VENHQS1EVS02Mzk0OmxnZ190Y2dhX3Bhbl9jYW5fYXRsYXNfMjAxOA,-1.06045,-0.9240666666666667,-0.93226,-0.6620600000000001,-1.15915,-0.22138,-0.5292,-0.7625599999999999,-0.15797999999999998,-0.5715333333333333,0.21312000000000003
VENHQS1EVS02Mzk1OmxnZ190Y2dhX3Bhbl9jYW5fYXRsYXNfMjAxOA,-0.51985,0.05346666666666666,-1.0723200000000002,-1.03728,0.21187499999999995,-0.007860000000000023,0.01637999999999997,0.06202,0.33562,0.7727166666666667,-0.85168
VENHQS1EVS02Mzk2OmxnZ190Y2dhX3Bhbl9jYW5fYXRsYXNfMjAxOA,1.3533,1.5158500000000001,1.5063600000000001,1.8764200000000002,0.228325,0.73328,1.7381799999999998,0.39608000000000004,1.20442,1.1321833333333335,1.0623200000000002
VENHQS1EVS02Mzk3OmxnZ190Y2dhX3Bhbl9jYW5fYXRsYXNfMjAxOA,0.3920166666666667,-0.04016666666666669,0.3275199999999998,-0.95486,0.76955,-0.21793999999999994,0.32061999999999996,-0.43260000000000004,0.27486,0.024866666666666665,-0.5736199999999999
VENHQS1EVS02Mzk5OmxnZ190Y2dhX3Bhbl9jYW5fYXRsYXNfMjAxOA,-0.1996833333333333,-0.16110000000000002,-0.23866,-0.54244,-0.53905,0.19145999999999996,0.28925999999999996,-0.22418,0.2576,0.02313333333333333,-0.36646
VENHQS1EVS02MzkyOmxnZ190Y2dhX3Bhbl9jYW5fYXRsYXNfMjAxOA,1.0255833333333333,0.5418666666666666,-0.08308,-0.05939999999999999,0.85455,0.14292,0.5223799999999998,0.21846000000000002,1.00906,0.31343333333333334,0.16672000000000003
VENHQS1EVS02MzkzOmxnZ190Y2dhX3Bhbl9jYW5fYXRsYXNfMjAxOA,-0.7412833333333334,-1.0709833333333332,0.2532,-0.29572000000000004,-0.8215250000000001,-0.7168800000000001,-0.705,-0.9764000000000002,-1.3394000000000001,-0.7997833333333334,-0.6970400000000001
VENHQS1EVS02NDA0OmxnZ190Y2dhX3Bhbl9jYW5fYXRsYXNfMjAxOA,0.5951500000000001,0.20413333333333336,-0.24263999999999997,-0.47494,0.656225,0.56054,0.2637,-0.13688000000000003,0.16214,0.53655,0.37700000000000006
VENHQS1EVS02NDA1OmxnZ190Y2dhX3Bhbl9jYW5fYXRsYXNfMjAxOA,-0.2994833333333333,-0.1781666666666667,-0.57318,-0.59956,-0.643725,0.22874,-0.16881999999999997,0.03988000000000003,0.048940000000000025,-0.35894999999999994,0.09756000000000001
VENHQS1EVS02NDA2OmxnZ190Y2dhX3Bhbl9jYW5fYXRsYXNfMjAxOA,0.05373333333333333,-0.18551666666666666,0.06466000000000001,-0.61114,0.2002750000000001,1.6712399999999998,-0.010539999999999994,0.6336200000000001,-0.45646000000000003,0.20616666666666664,1.6868000000000003
VENHQS1EVS02NDA3OmxnZ190Y2dhX3Bhbl9jYW5fYXRsYXNfMjAxOA,-1.2897833333333333,-0.8294999999999999,-0.87646,-1.2906600000000001,-0.461125,-0.16627999999999998,-0.31874,-0.6007800000000001,-0.2597,-0.6800666666666665,-1.0068199999999998
VENHQS1EVS02NDA4OmxnZ190Y2dhX3Bhbl9jYW5fYXRsYXNfMjAxOA,-0.7182333333333334,-0.5118999999999999,-0.6828999999999998,-0.43502,-0.473825,0.27237999999999996,-0.152,-0.043340000000000024,0.11686,0.15025,-0.30538
VENHQS1EVS02NDAwOmxnZ190Y2dhX3Bhbl9jYW5fYXRsYXNfMjAxOA,0.24978333333333333,-0.1965333333333333,0.44072000000000006,-0.14336,-0.58345,0.1192,-0.84846,-0.68288,-0.1769,-0.14985,-0.2995
VENHQS1EVS02NDAxOmxnZ190Y2dhX3Bhbl9jYW5fYXRsYXNfMjAxOA,-0.004050000000000016,0.2623,-0.46168,-0.019019999999999995,-0.05100000000000002,0.4311,1.18556,0.029939999999999987,0.70838,0.5662833333333334,-0.1061
VENHQS1EVS02NDAyOmxnZ190Y2dhX3Bhbl9jYW5fYXRsYXNfMjAxOA,2.2657166666666666,1.2521833333333332,0.9775600000000001,0.16377999999999998,0.09352500000000001,0.5201399999999999,0.74626,0.07686000000000003,0.6058000000000001,1.2060666666666668,0.8593
VENHQS1EVS02NDAzOmxnZ190Y2dhX3Bhbl9jYW5fYXRsYXNfMjAxOA,-0.10540000000000001,0.4020166666666667,-0.38849999999999996,-0.6006,-0.05612500000000001,0.6624399999999999,0.4920399999999999,-0.42935999999999996,0.6897399999999999,0.20173333333333332,0.5239
VENHQS1EVS02NDEwOmxnZ190Y2dhX3Bhbl9jYW5fYXRsYXNfMjAxOA,-1.1337833333333334,-1.5220666666666665,-0.5512,-0.38304,-0.911475,-1.61846,-1.41066,-1.53782,-1.3327799999999999,-1.1823833333333333,-1.1941399999999998
VENHQS1EVS02NTQyOmxnZ190Y2dhX3Bhbl9jYW5fYXRsYXNfMjAxOA,-0.013849999999999993,-0.27936666666666665,0.046660000000000014,0.16349999999999998,-0.7948,-0.34530000000000005,0.47258000000000006,0.55926,0.3939399999999999,0.2786,0.32083999999999996
VENHQS1EVS03MDA2OmxnZ190Y2dhX3Bhbl9jYW5fYXRsYXNfMjAxOA,1.3675666666666668,0.8523499999999999,0.44573999999999997,0.5103800000000001,-0.325175,0.35940000000000005,0.93086,1.2348599999999998,0.8622200000000001,0.9001166666666668,0.5191600000000001
VENHQS1EVS03MDA3OmxnZ190Y2dhX3Bhbl9jYW5fYXRsYXNfMjAxOA,1.5285666666666666,1.6156,0.6483000000000001,0.05563999999999998,1.4998,0.39348,1.2415800000000001,0.17928000000000002,0.7978000000000001,0.6803166666666667,0.70368
VENHQS1EVS03MDA4OmxnZ190Y2dhX3Bhbl9jYW5fYXRsYXNfMjAxOA,-0.7718999999999999,-0.8837666666666667,-0.6310399999999999,-0.7837999999999999,0.416075,-0.6058399999999999,-0.3805,-0.70296,-0.5509,-0.6172666666666666,-0.8548600000000001
VENHQS1EVS03MDA5OmxnZ190Y2dhX3Bhbl9jYW5fYXRsYXNfMjAxOA,-0.6660666666666667,-0.6739499999999999,-0.74074,-1.6005800000000001,-0.8435999999999999,-0.05421999999999997,-1.23898,-1.2093,-1.09094,-1.0406333333333333,-0.8749800000000001
VENHQS1EVS03MDE0OmxnZ190Y2dhX3Bhbl9jYW5fYXRsYXNfMjAxOA,-0.05508333333333332,-0.50925,-0.90906,-0.52008,-0.0030999999999999917,-0.17232,0.6045999999999999,-0.12706,0.12638,-0.45995,-0.7429
VENHQS1EVS03MDE1OmxnZ190Y2dhX3Bhbl9jYW5fYXRsYXNfMjAxOA,0.68955,0.7010666666666666,-0.36546,0.0011600000000000054,0.923925,0.47102000000000005,0.18802000000000002,0.27384,0.4438,0.23299999999999998,-0.08349999999999995
VENHQS1EVS03MDE4OmxnZ190Y2dhX3Bhbl9jYW5fYXRsYXNfMjAxOA,-0.9286666666666669,-0.7237666666666667,-1.03508,-0.9409599999999999,-0.496125,-0.43204000000000004,-0.81106,-1.3838000000000001,-1.0344000000000002,-1.0682666666666667,-0.81106
VENHQS1EVS03MDE5OmxnZ190Y2dhX3Bhbl9jYW5fYXRsYXNfMjAxOA,0.55015,0.15283333333333335,-0.5901600000000001,0.58096,-0.06965000000000002,0.6272800000000001,0.34716,0.99246,0.60568,-0.06416666666666666,0.048699999999999986
VENHQS1EVS03MDEwOmxnZ190Y2dhX3Bhbl9jYW5fYXRsYXNfMjAxOA,-0.1014833333333333,-0.28486666666666666,-0.02669999999999999,-0.48458000000000007,-0.6486,0.10913999999999997,-0.40092,-0.39854,-0.08678,-0.2741166666666667,0.004720000000000046
VENHQS1EVS03MDExOmxnZ190Y2dhX3Bhbl9jYW5fYXRsYXNfMjAxOA,0.5731666666666667,0.4331333333333332,0.33866,-0.14250000000000002,0.56505,1.04644,0.8347,1.67048,0.9831199999999999,0.40009999999999996,0.22027999999999998
VENHQS1EVS03MDEyOmxnZ190Y2dhX3Bhbl9jYW5fYXRsYXNfMjAxOA,2.5528999999999997,3.1611166666666666,2.60936,0.03944000000000001,3.2314999999999996,1.48366,1.17482,2.46144,0.6785,2.2184833333333334,2.5431
VENHQS1EVS03MDEzOmxnZ190Y2dhX3Bhbl9jYW5fYXRsYXNfMjAxOA,0.97485,1.0671333333333333,0.44066,-0.22119999999999998,-0.4326,0.3336199999999999,-0.15715999999999997,0.17050000000000004,-0.016900000000000026,0.6508,0.74266
VENHQS1EVS03Mjk0OmxnZ190Y2dhX3Bhbl9jYW5fYXRsYXNfMjAxOA,-0.32895,-0.7229166666666665,-0.7477799999999999,-0.69444,-0.7963749999999999,-1.10492,-0.8218400000000001,-1.18702,0.32116,-0.67225,-1.07118
VENHQS1EVS03Mjk4OmxnZ190Y2dhX3Bhbl9jYW5fYXRsYXNfMjAxOA,-0.7151,-0.33338333333333336,-0.32516000000000006,-0.9997199999999999,-0.33215,-0.13738,0.45076,-0.4166600000000001,-0.51372,-0.36125,-0.55014
VENHQS1EVS03Mjk5OmxnZ190Y2dhX3Bhbl9jYW5fYXRsYXNfMjAxOA,-0.5235500000000001,-0.7150166666666666,-0.6488999999999999,-0.75072,-0.5286,-0.8483599999999999,-0.05920000000000003,-0.18336000000000002,0.3113,-0.3786,-0.5093599999999999
VENHQS1EVS03MjkwOmxnZ190Y2dhX3Bhbl9jYW5fYXRsYXNfMjAxOA,1.2935833333333335,1.4403499999999998,0.88878,0.36939999999999995,-0.10072500000000001,0.6827,0.69746,1.36662,1.0678,1.2664333333333333,0.55666
VENHQS1EVS03MjkyOmxnZ190Y2dhX3Bhbl9jYW5fYXRsYXNfMjAxOA,0.1674,-0.9116666666666666,-0.47872000000000003,-0.8565200000000001,-0.681975,0.07151999999999994,-0.72012,-0.97036,-0.5969,-0.5125833333333333,-0.36468
VENHQS1EVS03MzA0OmxnZ190Y2dhX3Bhbl9jYW5fYXRsYXNfMjAxOA,-0.26065,0.08428333333333334,0.09638,-0.74372,0.107225,-0.00742000000000006,1.00214,0.34608000000000005,1.9544000000000001,-0.12723333333333334,-0.6769399999999999
VENHQS1EVS03MzA2OmxnZ190Y2dhX3Bhbl9jYW5fYXRsYXNfMjAxOA,-0.35813333333333336,-0.12788333333333335,-0.73612,-1.18408,-0.297525,-0.42225999999999997,0.23928,0.29203999999999997,0.11896,-0.10498333333333337,0.17994000000000002
VENHQS1EVS03MzA5OmxnZ190Y2dhX3Bhbl9jYW5fYXRsYXNfMjAxOA,-0.3708,-0.27436666666666665,-0.26808,-0.87036,-0.850425,0.60612,0.17554,0.035599999999999986,0.8596400000000001,-0.41768333333333335,-0.72866
VENHQS1EVS03MzAwOmxnZ190Y2dhX3Bhbl9jYW5fYXRsYXNfMjAxOA,0.7056333333333332,0.5495333333333333,-0.4138399999999999,-0.8323400000000001,0.02532499999999999,-0.07980000000000001,-0.49582,0.028439999999999993,-0.73434,-0.06474999999999999,0.07883999999999998
VENHQS1EVS03MzAxOmxnZ190Y2dhX3Bhbl9jYW5fYXRsYXNfMjAxOA,-0.25843333333333335,0.38056666666666655,0.48888,-0.68674,-0.524025,-0.19329999999999997,0.6539999999999999,0.8949200000000002,0.14650000000000002,0.5959166666666668,0.006420000000000048
VENHQS1EVS03MzAyOmxnZ190Y2dhX3Bhbl9jYW5fYXRsYXNfMjAxOA,-0.6358666666666667,-0.7791333333333332,-0.46704,-1.02366,-1.3568250000000002,-0.45186000000000004,-0.94726,-0.25792000000000004,0.05958000000000001,-0.8741333333333334,-0.7297399999999998
VENHQS1EVS04MTU4OmxnZ190Y2dhX3Bhbl9jYW5fYXRsYXNfMjAxOA,2.033866666666667,1.8816,1.26976,0.97502,1.070375,0.5435399999999999,0.6295,1.0162,1.0325000000000002,1.2776666666666667,0.95616
VENHQS1EVS04MTY0OmxnZ190Y2dhX3Bhbl9jYW5fYXRsYXNfMjAxOA,-1.03235,-0.8915666666666667,-0.1021,-0.99168,-0.84965,0.031279999999999995,-0.8415600000000001,-1.0154999999999998,-1.1318,-0.5736666666666667,-1.02966
VENHQS1EVS04MTY1OmxnZ190Y2dhX3Bhbl9jYW5fYXRsYXNfMjAxOA,1.7036999999999998,1.9199833333333334,1.39904,0.25052,0.808975,0.8346399999999999,0.84338,1.15162,0.5966400000000001,0.8166333333333333,1.50652
VENHQS1EVS04MTY2OmxnZ190Y2dhX3Bhbl9jYW5fYXRsYXNfMjAxOA,-0.44336666666666663,-0.30165,-0.28764000000000006,-1.0239,-0.7331749999999999,0.52234,0.25012,0.18625999999999995,1.14914,0.6069333333333333,-0.4084
VENHQS1EVS04MTY3OmxnZ190Y2dhX3Bhbl9jYW5fYXRsYXNfMjAxOA,-0.05984999999999999,0.06934999999999998,-0.72778,-0.7671199999999999,-0.12965,1.04622,0.7502,0.30936,-0.19924,0.2728166666666667,0.23458
VENHQS1EVS04MTY4OmxnZ190Y2dhX3Bhbl9jYW5fYXRsYXNfMjAxOA,-0.8779499999999999,-0.8520666666666666,0.67942,-1.15146,-0.7073750000000001,-0.30034,-0.77694,-0.8521799999999999,-0.6141400000000001,-0.5569833333333333,-0.38421999999999995
VENHQS1EVS04MTYxOmxnZ190Y2dhX3Bhbl9jYW5fYXRsYXNfMjAxOA,1.7908999999999997,2.4807166666666665,2.09832,-0.15248,0.836775,0.8952199999999999,0.6263599999999999,1.52948,0.78422,1.8408833333333334,2.47418
VENHQS1EVS04MTYyOmxnZ190Y2dhX3Bhbl9jYW5fYXRsYXNfMjAxOA,-0.24143333333333336,-0.4107833333333333,-0.04849999999999999,-0.19912000000000002,-0.21242500000000003,0.8026200000000001,-0.49656,-0.39464,0.17546,-0.47188333333333327,-0.59894
VENHQS1EVS04MTYzOmxnZ190Y2dhX3Bhbl9jYW5fYXRsYXNfMjAxOA,0.2226666666666667,1.4459166666666665,0.17884000000000003,-0.81348,-0.25639999999999996,-0.057599999999999985,0.47947999999999996,0.69414,0.23668,0.6618333333333334,-0.45963999999999994
VENHQS1EVS1BN1Q2OmxnZ190Y2dhX3Bhbl9jYW5fYXRsYXNfMjAxOA,0.17138333333333333,-0.04065000000000001,-0.08146000000000002,-0.80124,0.05382499999999998,-0.17546,-0.17109999999999997,-0.28840000000000005,-0.58532,-0.22393333333333335,-0.52328
VENHQS1EVS1BN1Q4OmxnZ190Y2dhX3Bhbl9jYW5fYXRsYXNfMjAxOA,0.4810666666666667,0.151,0.23552,-0.03748,0.11085,0.9269400000000001,0.7224999999999999,0.69436,1.3366799999999999,0.6678999999999999,0.45792
VENHQS1EVS1BN1RBOmxnZ190Y2dhX3Bhbl9jYW5fYXRsYXNfMjAxOA,-0.22814999999999994,-0.31531666666666663,0.54072,0.09455999999999998,-0.09672500000000006,0.54374,1.20998,1.00428,0.8058,0.35551666666666665,0.75092
VENHQS1EVS1BN1RCOmxnZ190Y2dhX3Bhbl9jYW5fYXRsYXNfMjAxOA,-0.86965,-1.1492333333333333,-0.54904,-0.43944,-0.54965,-1.0971600000000001,-1.0515,-0.35564,-0.3411,-1.2038000000000002,-0.7847
VENHQS1EVS1BN1RDOmxnZ190Y2dhX3Bhbl9jYW5fYXRsYXNfMjAxOA,-0.8190166666666667,-1.1689833333333335,-0.1721,-0.89642,-0.40547500000000003,-0.43010000000000004,-0.041999999999999996,-0.64214,-1.2099600000000001,-0.5661166666666667,-0.92974
VENHQS1EVS1BN1REOmxnZ190Y2dhX3Bhbl9jYW5fYXRsYXNfMjAxOA,0.7797333333333333,0.8107833333333335,0.16892000000000001,0.27952,0.26039999999999996,1.4453400000000003,0.8234199999999999,0.3342199999999999,1.55474,1.1487833333333333,2.10018
VENHQS1EVS1BN1RHOmxnZ190Y2dhX3Bhbl9jYW5fYXRsYXNfMjAxOA,-0.05981666666666668,-0.3233166666666667,-0.43927999999999995,0.29325999999999997,0.3185,0.688,-0.33038,-0.70996,1.86072,-0.17880000000000004,-0.57758
VENHQS1EVS1BN1RJOmxnZ190Y2dhX3Bhbl9jYW5fYXRsYXNfMjAxOA,-0.5404833333333333,-0.27886666666666665,0.31874,-0.92692,-0.028424999999999992,0.49551999999999996,0.48826,1.0146000000000002,0.28406000000000003,1.3119,0.9121600000000001
VENHQS1EVS1BN1RKOmxnZ190Y2dhX3Bhbl9jYW5fYXRsYXNfMjAxOA,-0.3562166666666666,0.27313333333333334,0.09494,-0.79604,-0.3255,-0.022239999999999992,-0.30506,0.20846,-0.10575999999999999,-0.08591666666666668,0.40709999999999996
VENHQS1EVS1BNVRQOmxnZ190Y2dhX3Bhbl9jYW5fYXRsYXNfMjAxOA,1.0325,0.39116666666666666,-0.07727999999999997,-0.36377999999999994,0.091725,0.20264,0.7243200000000002,-0.07879999999999998,1.41446,1.1650833333333332,0.49112
VENHQS1EVS1BNVRSOmxnZ190Y2dhX3Bhbl9jYW5fYXRsYXNfMjAxOA,2.418183333333333,0.69785,1.02542,2.81844,2.505725,0.9529399999999999,0.9907199999999999,0.9245599999999999,1.64984,1.0531166666666667,0.29668
VENHQS1EVS1BNVRTOmxnZ190Y2dhX3Bhbl9jYW5fYXRsYXNfMjAxOA,-1.0546499999999999,-0.9085833333333334,-0.43057999999999996,-0.07017999999999991,-0.07477500000000001,-0.8808999999999999,-0.61418,-0.06252000000000005,-0.42894,-0.5560166666666667,-0.9548400000000001
VENHQS1EVS1BNVRUOmxnZ190Y2dhX3Bhbl9jYW5fYXRsYXNfMjAxOA,0.17713333333333336,-0.4748333333333334,0.35856000000000005,-0.30918,-0.06645000000000001,0.14401999999999998,0.21383999999999997,0.40703999999999996,0.58982,0.12471666666666664,0.34930000000000005
VENHQS1EVS1BNVRVOmxnZ190Y2dhX3Bhbl9jYW5fYXRsYXNfMjAxOA,-0.10868333333333331,-0.26581666666666665,-0.50068,-0.20128000000000004,0.14285,0.31198000000000004,0.71552,0.7498199999999999,1.25304,0.21199999999999997,-0.04491999999999998
VENHQS1EVS1BNVRXOmxnZ190Y2dhX3Bhbl9jYW5fYXRsYXNfMjAxOA,-1.3796833333333334,-0.74145,-1.05154,-1.31662,-0.811425,-0.77536,-0.04486000000000003,-0.72096,0.21654,-0.3719666666666667,-1.5301200000000001
VENHQS1EVS1BNVRZOmxnZ190Y2dhX3Bhbl9jYW5fYXRsYXNfMjAxOA,1.3940666666666666,1.3156833333333333,0.58874,0.3302,0.23859999999999998,0.6787799999999999,0.8751999999999999,1.3277999999999999,1.28272,1.18665,0.71566
VENHQS1EVS1BNlM2OmxnZ190Y2dhX3Bhbl9jYW5fYXRsYXNfMjAxOA,-0.5094,-1.1944666666666666,-0.49742,-1.60858,-0.6671250000000001,-0.25861999999999996,-1.3636200000000003,-1.20132,-1.52014,-0.8290666666666667,-1.28214
VENHQS1EVS1BNlM3OmxnZ190Y2dhX3Bhbl9jYW5fYXRsYXNfMjAxOA,-1.17615,-0.6406666666666666,-0.41524,-1.23598,-0.23807500000000004,-0.44558,0.41136,-0.32978,0.4426,0.17855,-1.41258
VENHQS1EVS1BNlM4OmxnZ190Y2dhX3Bhbl9jYW5fYXRsYXNfMjAxOA,-0.10411666666666668,-0.7675166666666667,-0.24992,0.3854000000000001,-0.671975,-0.44906000000000007,-1.2646000000000002,-1.0787200000000001,-0.43402,-0.7162166666666666,-0.9316600000000002
VENHQS1EVS1BNlMyOmxnZ190Y2dhX3Bhbl9jYW5fYXRsYXNfMjAxOA,0.08951666666666669,-0.7705666666666665,0.0060599999999999985,0.61952,-0.32494999999999996,-0.23017999999999997,-0.8019000000000001,-0.7597799999999999,0.78894,0.17148333333333332,-1.0365
VENHQS1EVS1BNlMzOmxnZ190Y2dhX3Bhbl9jYW5fYXRsYXNfMjAxOA,-0.29788333333333333,-1.0923,-0.18971999999999997,0.18719999999999998,-0.4478,-0.1266,-1.1114000000000002,-0.86994,-0.7025399999999999,-1.0036333333333334,-1.3006
VENHQS1EVS1BNzZLOmxnZ190Y2dhX3Bhbl9jYW5fYXRsYXNfMjAxOA,-0.038116666666666674,-0.8443333333333335,-0.012840000000000008,-0.56422,-0.41215,0.12602000000000002,-1.15226,-0.7931,-0.30579999999999996,-0.5091666666666667,-0.63452
VENHQS1EVS1BNzZMOmxnZ190Y2dhX3Bhbl9jYW5fYXRsYXNfMjAxOA,0.7550499999999999,0.97995,0.26302,0.1506,0.844625,1.14744,1.16044,0.53444,1.8431799999999998,0.5138166666666667,1.24374
VENHQS1EVS1BNzZPOmxnZ190Y2dhX3Bhbl9jYW5fYXRsYXNfMjAxOA,-0.5989,-0.2842166666666667,-0.45868000000000003,-0.8477599999999998,0.414225,-0.6546200000000001,0.6512,0.30526,0.12725999999999998,-0.17589999999999995,-0.5180199999999999
VENHQS1EVS1BNzZSOmxnZ190Y2dhX3Bhbl9jYW5fYXRsYXNfMjAxOA,-0.18253333333333333,-1.0485833333333334,-0.20607999999999999,-1.40648,-0.5119,-0.57908,0.11194000000000004,-0.74282,-0.5509599999999999,0.30863333333333337,-0.78124
VENHQS1FMS01MzA0OmxnZ190Y2dhX3Bhbl9jYW5fYXRsYXNfMjAxOA,-1.3288,-1.4048333333333332,-1.21742,-1.51336,-1.044775,-0.46004000000000006,-1.70974,-1.2146600000000003,-1.6912399999999999,-1.2648833333333334,-0.8477799999999999
VENHQS1FMS01MzA1OmxnZ190Y2dhX3Bhbl9jYW5fYXRsYXNfMjAxOA,-0.4397333333333333,-0.7102666666666667,-0.6221399999999999,-1.04168,-0.23240000000000005,-0.31223999999999996,0.1651,-0.15062000000000003,0.63754,-0.18964999999999999,-0.46884
VENHQS1FMS01MzA3OmxnZ190Y2dhX3Bhbl9jYW5fYXRsYXNfMjAxOA,-1.2628000000000001,-0.9436166666666667,-0.22955999999999993,-1.3938400000000002,-1.19285,-0.73528,0.38302,-0.10103999999999999,-0.33028,-0.7217166666666667,-0.7965599999999999
VENHQS1FMS01MzAyOmxnZ190Y2dhX3Bhbl9jYW5fYXRsYXNfMjAxOA,-0.32026666666666664,0.2343833333333333,-0.035339999999999996,-0.6837799999999999,-0.50745,0.024139999999999995,0.4202199999999999,0.12473999999999999,-0.15002,0.11238333333333332,-0.3739
VENHQS1FMS01MzAzOmxnZ190Y2dhX3Bhbl9jYW5fYXRsYXNfMjAxOA,-0.8640499999999999,-0.6285,-0.60998,-0.7437600000000002,-0.3985000000000001,-0.06318000000000001,1.60642,0.8421,0.38284,0.18845,-0.5697599999999999
VENHQS1FMS01MzE4OmxnZ190Y2dhX3Bhbl9jYW5fYXRsYXNfMjAxOA,-1.2237166666666666,-0.7246,-0.69994,-1.1811,0.37470000000000003,-0.3822,-0.39458000000000004,-1.00692,-0.36655999999999994,-0.8443166666666668,-0.6849
VENHQS1FMS01MzE5OmxnZ190Y2dhX3Bhbl9jYW5fYXRsYXNfMjAxOA,0.56245,0.19968333333333332,-0.2223,-1.05792,-0.65205,-1.0153,0.18524,-1.02964,-0.42422000000000004,-0.5553166666666666,-0.35628
VENHQS1FMS01MzExOmxnZ190Y2dhX3Bhbl9jYW5fYXRsYXNfMjAxOA,-0.35663333333333336,-0.7247499999999999,0.001399999999999979,-0.7705399999999999,-0.863875,-0.3252,-0.45128,-0.9464,0.32204,-0.7277166666666667,-1.13292
VENHQS1FMS01MzIyOmxnZ190Y2dhX3Bhbl9jYW5fYXRsYXNfMjAxOA,-0.8694000000000001,-0.5401833333333333,-0.36382000000000003,-0.66282,-0.8770000000000001,0.07470000000000003,0.8416200000000001,0.20012,0.66052,-0.2323666666666667,-0.12298
VENHQS1FMS1BN1lEOmxnZ190Y2dhX3Bhbl9jYW5fYXRsYXNfMjAxOA,0.5545666666666668,-0.1584833333333333,0.5459799999999999,-0.12535999999999997,-0.049224999999999984,0.49221999999999994,-0.1507,-0.19471999999999995,0.20334,0.6068166666666667,0.51912
VENHQS1FMS1BN1lFOmxnZ190Y2dhX3Bhbl9jYW5fYXRsYXNfMjAxOA,-0.25505,0.12251666666666672,0.42148,-0.28193999999999997,-0.7967,-0.19174,1.9883600000000001,-0.22976000000000002,1.254,0.9667666666666667,-0.14072000000000004
VENHQS1FMS1BN1lIOmxnZ190Y2dhX3Bhbl9jYW5fYXRsYXNfMjAxOA,-1.5657833333333333,-1.2941333333333334,-0.24402000000000004,-0.97468,-0.42885,-0.7047,0.11652000000000003,-0.10061999999999997,-1.1285599999999998,-0.2272166666666667,-1.07636
VENHQS1FMS1BN1lJOmxnZ190Y2dhX3Bhbl9jYW5fYXRsYXNfMjAxOA,-0.3217,-0.41104999999999997,0.07236000000000004,-0.9076000000000001,-0.36069999999999997,-0.8774000000000001,0.30816,-1.2440799999999999,-0.14316,-0.19551666666666664,-0.30069999999999997
VENHQS1FMS1BN1lKOmxnZ190Y2dhX3Bhbl9jYW5fYXRsYXNfMjAxOA,0.8583500000000001,0.37908333333333327,0.39966,-0.46764,0.5724,1.11112,0.8720399999999999,-0.10580000000000003,0.7819399999999999,0.9695,1.2444199999999999
VENHQS1FMS1BN1lLOmxnZ190Y2dhX3Bhbl9jYW5fYXRsYXNfMjAxOA,1.5084166666666665,0.2921166666666667,0.7110000000000001,0.6837799999999999,0.90375,-0.67492,1.31702,-0.5147999999999999,0.9719,0.8197333333333333,0.36494
VENHQS1FMS1BN1lMOmxnZ190Y2dhX3Bhbl9jYW5fYXRsYXNfMjAxOA,1.5215333333333334,1.66155,2.16472,1.4800999999999997,1.239975,0.25098000000000004,1.21874,0.0033199999999999454,1.50348,1.7171,0.45962
VENHQS1FMS1BN1lNOmxnZ190Y2dhX3Bhbl9jYW5fYXRsYXNfMjAxOA,-0.6009833333333333,-0.8853,0.09574000000000005,-0.10013999999999998,-0.694075,-0.9065199999999999,-0.43271999999999994,-0.13565999999999998,0.21698,-0.1510166666666667,-0.7710000000000001
VENHQS1FMS1BN1lOOmxnZ190Y2dhX3Bhbl9jYW5fYXRsYXNfMjAxOA,2.7160333333333337,3.3743499999999997,1.6885999999999999,1.01726,2.8278749999999997,0.54582,2.164,1.1745999999999999,1.37682,3.0194333333333336,1.7956999999999996
VENHQS1FMS1BN1lPOmxnZ190Y2dhX3Bhbl9jYW5fYXRsYXNfMjAxOA,-0.3154,-0.4459166666666666,0.6865599999999998,-0.7866200000000001,-1.143125,-0.47036,-0.36160000000000003,-1.03534,-0.22990000000000005,-0.3651333333333333,-1.0539399999999999
VENHQS1FMS1BN1lROmxnZ190Y2dhX3Bhbl9jYW5fYXRsYXNfMjAxOA,1.3846999999999998,1.1862333333333333,0.94772,1.4403200000000003,1.16345,1.51598,1.2799,0.9907400000000001,1.44448,1.1926500000000002,1.22394
VENHQS1FMS1BN1lTOmxnZ190Y2dhX3Bhbl9jYW5fYXRsYXNfMjAxOA,-1.0854333333333333,-1.3197166666666669,-0.08448000000000003,-0.9730000000000001,-0.8774,-1.09026,-1.2683399999999998,-1.00248,-1.19906,-0.3968,-0.6420199999999999
VENHQS1FMS1BN1lVOmxnZ190Y2dhX3Bhbl9jYW5fYXRsYXNfMjAxOA,-0.40085,-1.0831666666666668,0.0019600000000000173,-0.32226,-0.2599,-0.67424,0.24125999999999997,0.21308,0.17662,-0.38125000000000003,-1.23376
VENHQS1FMS1BN1lWOmxnZ190Y2dhX3Bhbl9jYW5fYXRsYXNfMjAxOA,-0.0312833333333333,-0.11211666666666666,0.47762000000000004,0.51248,0.45485000000000003,-0.29808,-0.22749999999999998,-0.7526999999999999,1.5535,-0.38691666666666663,-0.77296
VENHQS1FMS1BN1lXOmxnZ190Y2dhX3Bhbl9jYW5fYXRsYXNfMjAxOA,-1.0603,-0.9051166666666667,-0.6354400000000001,-1.1278000000000001,-0.6580999999999999,-0.32432,0.8589600000000001,-0.05225999999999996,-0.21528,-0.42536666666666667,-0.8998200000000001
VENHQS1FMS1BN1lZOmxnZ190Y2dhX3Bhbl9jYW5fYXRsYXNfMjAxOA,-0.4894833333333333,-1.0220333333333333,-0.17414000000000004,-0.8623199999999999,-0.650475,0.6564399999999999,-0.24086,-0.72822,-0.8962399999999999,-0.30550000000000005,-0.37292
VENHQS1FMS1BN1o0OmxnZ190Y2dhX3Bhbl9jYW5fYXRsYXNfMjAxOA,-0.8335,-0.60295,-0.6439799999999999,-1.03148,-0.12434999999999999,-0.09114000000000003,0.30247999999999997,-0.011699999999999933,0.22638000000000003,-0.33531666666666665,-0.30568
VENHQS1FMS1BN1o2OmxnZ190Y2dhX3Bhbl9jYW5fYXRsYXNfMjAxOA,-1.1539666666666668,-0.9735166666666668,-0.4053799999999999,-1.38084,-0.1409,-0.8586,0.40114,-0.07654000000000001,-0.3578,-0.4186499999999999,-0.9385999999999999
VENHQS1FMS1BN1oyOmxnZ190Y2dhX3Bhbl9jYW5fYXRsYXNfMjAxOA,-1.1795333333333333,-1.1521166666666667,0.23015999999999998,-0.8593999999999999,-0.6834250000000001,-0.49829999999999997,-0.61772,-0.7584200000000001,-0.34836,-0.20375000000000001,-0.9799199999999999
VENHQS1FMS1BN1ozOmxnZ190Y2dhX3Bhbl9jYW5fYXRsYXNfMjAxOA,-0.28358333333333335,-0.39735000000000004,0.48843999999999993,-0.39980000000000004,0.211225,-0.12694,0.40868000000000004,-0.056419999999999956,0.09294,-0.030016666666666646,-0.7333999999999999
VENHQS1FWi03MjY0OmxnZ190Y2dhX3Bhbl9jYW5fYXRsYXNfMjAxOA,-0.8188833333333333,-0.9472166666666667,-0.38303999999999994,-1.29444,-1.13485,-0.8801,-0.9324199999999999,-1.1504800000000002,-0.8892599999999999,-0.7356000000000001,-1.13624
VENHQS1GNi1BOE80OmxnZ190Y2dhX3Bhbl9jYW5fYXRsYXNfMjAxOA,-0.1162666666666667,-0.8974666666666667,-0.18181999999999998,-0.71156,-0.308725,-0.02963999999999995,-0.5178800000000001,-0.59306,-0.23463999999999996,-0.4856333333333333,-1.00932
VENHQS1GNi1BOE8zOmxnZ190Y2dhX3Bhbl9jYW5fYXRsYXNfMjAxOA,-0.28918333333333335,-1.0137833333333335,-0.66072,-0.56402,-1.06615,0.05414,-1.23042,-0.8182,-1.46072,-1.1719666666666666,-1.0625
VENHQS1GRy01OTY0OmxnZ190Y2dhX3Bhbl9jYW5fYXRsYXNfMjAxOA,0.5163833333333333,-0.06311666666666667,0.5591400000000001,-0.32004,-0.09137499999999998,-0.13042,0.33277999999999996,0.6471600000000001,0.26092,1.0398333333333334,-0.5047799999999999
VENHQS1GRy01OTY1OmxnZ190Y2dhX3Bhbl9jYW5fYXRsYXNfMjAxOA,0.40978333333333333,0.6053,0.05238,0.24291999999999997,0.23317500000000002,0.5492199999999999,0.43504000000000004,0.34154,2.0953600000000003,0.12118333333333335,-0.08865999999999999
VENHQS1GRy01OTYyOmxnZ190Y2dhX3Bhbl9jYW5fYXRsYXNfMjAxOA,0.018033333333333335,-0.6487333333333333,-0.16118,-1.16382,-0.6574,0.43751999999999996,-0.5954,-0.43552,-0.89552,0.026016666666666726,0.019259999999999982
VENHQS1GRy01OTYzOmxnZ190Y2dhX3Bhbl9jYW5fYXRsYXNfMjAxOA,1.8988500000000001,1.6408000000000003,1.08654,-0.11464000000000003,0.969425,0.48835999999999996,0.8886999999999998,1.54954,0.8872399999999999,1.404283333333333,0.8688400000000002
VENHQS1GRy02Njg4OmxnZ190Y2dhX3Bhbl9jYW5fYXRsYXNfMjAxOA,0.2378,-0.08083333333333331,0.40252,-0.04516000000000005,-0.11997499999999998,-0.42166,0.37639999999999996,0.36836,0.52206,0.36415000000000003,0.27638
VENHQS1GRy02Njg5OmxnZ190Y2dhX3Bhbl9jYW5fYXRsYXNfMjAxOA,-0.09031666666666667,-0.5168666666666667,-0.84778,-0.4569,-0.12269999999999998,0.12038000000000001,0.07550000000000001,0.021100000000000008,0.34275999999999995,-0.07770000000000002,-0.7111999999999999
VENHQS1GRy02NjkwOmxnZ190Y2dhX3Bhbl9jYW5fYXRsYXNfMjAxOA,-0.014316666666666665,-0.01244999999999998,-0.6469199999999999,-0.7842800000000001,-0.043275,-0.13612,0.5571600000000001,0.37973999999999997,0.26574,-0.1736,-0.7298600000000001
VENHQS1GRy02NjkxOmxnZ190Y2dhX3Bhbl9jYW5fYXRsYXNfMjAxOA,-0.9171833333333334,-0.42731666666666673,-0.6864,-1.0497400000000001,-0.5841,-0.39716000000000007,0.9067999999999999,0.17390000000000008,0.48091999999999996,0.17205,-0.52834
VENHQS1GRy02NjkyOmxnZ190Y2dhX3Bhbl9jYW5fYXRsYXNfMjAxOA,1.5744999999999998,0.6913,0.0020199999999999997,0.32144000000000006,0.9432750000000001,1.4555,0.25355999999999995,-0.43845999999999996,0.55488,0.5519166666666667,0.9769
VENHQS1GRy03NjM0OmxnZ190Y2dhX3Bhbl9jYW5fYXRsYXNfMjAxOA,0.09885000000000004,0.9770333333333334,0.36624000000000007,0.21678000000000003,-0.5748749999999999,0.34027999999999997,0.9055,0.7358,0.54302,0.15191666666666664,0.17306
VENHQS1GRy03NjM2OmxnZ190Y2dhX3Bhbl9jYW5fYXRsYXNfMjAxOA,-0.9127666666666667,-1.1681666666666666,-0.5621799999999999,-0.9042600000000001,-0.506025,-0.8764800000000001,-0.9640599999999999,0.0016199999999999882,-1.5028199999999998,-0.6901833333333333,-0.7728200000000001
VENHQS1GRy03NjM3OmxnZ190Y2dhX3Bhbl9jYW5fYXRsYXNfMjAxOA,-0.18776666666666664,-0.3022833333333333,-0.09183999999999996,-0.9656800000000001,1.787125,-0.19684000000000001,-0.89246,-1.18308,-0.67458,-0.42411666666666664,-0.9296599999999999
VENHQS1GRy03NjM4OmxnZ190Y2dhX3Bhbl9jYW5fYXRsYXNfMjAxOA,0.07073333333333334,-0.92725,-0.43102,-0.3045,-1.1234,-0.29449999999999993,-0.9380599999999999,0.2792,-1.28084,-0.29848333333333343,-0.59732
VENHQS1GRy03NjQxOmxnZ190Y2dhX3Bhbl9jYW5fYXRsYXNfMjAxOA,-1.2381,-1.1108666666666667,-0.21302000000000004,-1.13338,-1.25325,-0.8631399999999999,-1.19788,-0.8576600000000001,-0.7488999999999999,-0.7946,-1.3170199999999999
VENHQS1GRy03NjQzOmxnZ190Y2dhX3Bhbl9jYW5fYXRsYXNfMjAxOA,0.6748166666666666,-0.35563333333333325,0.28978000000000004,-0.06903999999999999,0.37575,0.1255,-0.64164,-0.39506,0.3129,-0.03383333333333332,-0.46796
VENHQS1GRy04MTg1OmxnZ190Y2dhX3Bhbl9jYW5fYXRsYXNfMjAxOA,-1.0065166666666665,-1.1048333333333333,-0.59962,-1.23494,-0.584525,0.18832000000000004,-0.15108,-0.11438000000000004,-1.2875200000000002,-0.6681166666666667,-0.65934
VENHQS1GRy04MTg2OmxnZ190Y2dhX3Bhbl9jYW5fYXRsYXNfMjAxOA,0.25758333333333333,-0.012766666666666648,-0.07942,-0.44905999999999996,-0.8855,0.74394,0.14597999999999994,0.04490000000000001,0.7375,0.45015,1.0071
VENHQS1GRy04MTg3OmxnZ190Y2dhX3Bhbl9jYW5fYXRsYXNfMjAxOA,-0.24283333333333332,-0.7489333333333335,-0.17664,-1.3850200000000001,-0.8070250000000001,0.26143999999999995,-0.30545999999999995,-0.32256,-0.71134,0.38349999999999995,-0.51612
VENHQS1GRy04MTg4OmxnZ190Y2dhX3Bhbl9jYW5fYXRsYXNfMjAxOA,-1.0496833333333333,-0.6527333333333334,-0.9816,-0.7846,-1.0026,0.09868000000000002,0.11834,-0.17584,-0.09111999999999999,-0.2879166666666667,-0.9327400000000001
VENHQS1GRy04MTg5OmxnZ190Y2dhX3Bhbl9jYW5fYXRsYXNfMjAxOA,-0.7260833333333333,-0.9088666666666668,-0.23542000000000005,-1.31312,-1.0499999999999998,-0.11967999999999997,-1.4838,-1.1016400000000002,-0.61664,-0.9763999999999999,-0.49124
VENHQS1GRy04MTgxOmxnZ190Y2dhX3Bhbl9jYW5fYXRsYXNfMjAxOA,0.34256666666666663,-0.31785,-0.22702,-1.03158,0.24235,0.87546,-0.33174000000000003,-0.41434000000000004,0.004320000000000002,-0.33651666666666663,-0.1035
VENHQS1GRy04MTgyOmxnZ190Y2dhX3Bhbl9jYW5fYXRsYXNfMjAxOA,-0.8862,-0.5715499999999999,-0.2414199999999999,-0.5779799999999999,-0.7276,0.30054000000000003,0.42314000000000007,0.13530000000000003,0.1772,-0.12326666666666668,-0.9479599999999999
VENHQS1GRy04MTkxOmxnZ190Y2dhX3Bhbl9jYW5fYXRsYXNfMjAxOA,0.15965,-0.1917333333333333,-0.4131,-0.85318,-0.09987499999999999,0.51242,0.9531000000000001,0.51684,0.34775999999999996,0.9943500000000002,-0.04153999999999998
VENHQS1GRy1BNE1UOmxnZ190Y2dhX3Bhbl9jYW5fYXRsYXNfMjAxOA,-1.6297166666666667,-0.9480166666666667,-0.65862,-1.2037600000000002,-0.8681,-0.6739599999999999,0.047340000000000035,-0.6248199999999999,-1.2000600000000001,-0.8749333333333333,-1.3080599999999998
VENHQS1GRy1BNE1VOmxnZ190Y2dhX3Bhbl9jYW5fYXRsYXNfMjAxOA,0.4230333333333334,0.8011833333333332,0.5767,-0.60454,0.355475,1.9067800000000001,1.1505199999999998,-0.22197999999999998,1.2269800000000002,0.606,1.0823399999999999
VENHQS1GRy1BNE1XOmxnZ190Y2dhX3Bhbl9jYW5fYXRsYXNfMjAxOA,-0.4832666666666667,-0.5081666666666667,-0.7551400000000001,-1.05582,0.211075,0.39436,-0.5038199999999999,-1.2019000000000002,0.12096000000000003,-0.66845,0.18283999999999997
VENHQS1GRy1BNE1YOmxnZ190Y2dhX3Bhbl9jYW5fYXRsYXNfMjAxOA,-1.0891166666666665,-1.2492166666666666,0.21254,-0.8851999999999999,0.07860000000000006,-0.38574,-0.8527800000000001,0.27058,-0.18092000000000003,-0.23965000000000003,-1.1453000000000002
VENHQS1GRy1BNE1ZOmxnZ190Y2dhX3Bhbl9jYW5fYXRsYXNfMjAxOA,-0.7174166666666667,-0.5189,-0.52442,-0.9417,-0.835075,-0.4168,0.10025999999999999,-0.4901,-0.24144000000000002,-0.5445833333333333,-0.7179399999999999
VENHQS1GRy1BNjBKOmxnZ190Y2dhX3Bhbl9jYW5fYXRsYXNfMjAxOA,0.1618666666666667,0.2738,0.08832,-0.74168,1.0652249999999999,-0.13808,0.22546,0.9881399999999999,-0.8388199999999999,0.4402166666666667,-0.04241999999999998
VENHQS1GRy1BNjBLOmxnZ190Y2dhX3Bhbl9jYW5fYXRsYXNfMjAxOA,-0.49803333333333333,-0.6088166666666667,-0.43144,-0.9303000000000001,-0.0005249999999999977,-1.30112,-0.56442,-0.6659200000000001,0.4519000000000001,-0.42838333333333334,-0.5648599999999999
VENHQS1GRy1BNjBMOmxnZ190Y2dhX3Bhbl9jYW5fYXRsYXNfMjAxOA,0.26705,-0.5128499999999999,-0.22653999999999996,-0.4276000000000001,2.0991,-0.34887999999999997,0.45822,0.1419400000000001,0.374,0.015049999999999989,-0.8233599999999999
VENHQS1GRy1BNklaOmxnZ190Y2dhX3Bhbl9jYW5fYXRsYXNfMjAxOA,-0.3608333333333334,-0.8677166666666666,-0.23071999999999995,-0.6663,-0.40449999999999997,-0.89114,-0.5886,-0.34942,-0.67502,-0.25398333333333334,-0.5263199999999999
VENHQS1GRy1BNkoxOmxnZ190Y2dhX3Bhbl9jYW5fYXRsYXNfMjAxOA,0.4839,-0.6663166666666668,-0.44125999999999993,-0.3276,0.2763,-0.42234,-0.25582,-0.017339999999999987,0.86334,0.29374999999999996,-0.73542
VENHQS1GRy1BNkozOmxnZ190Y2dhX3Bhbl9jYW5fYXRsYXNfMjAxOA,2.0966166666666672,0.1119666666666667,0.35969999999999996,-0.4646800000000001,0.01239999999999998,0.53652,0.7298,-0.57474,1.0772599999999999,1.0398666666666667,0.69468
VENHQS1GRy1BNzBZOmxnZ190Y2dhX3Bhbl9jYW5fYXRsYXNfMjAxOA,-1.1657166666666667,-0.8178833333333334,-0.4263199999999999,-0.82358,0.14832499999999998,-0.17973999999999998,1.08202,0.13284,0.20131999999999994,-0.26651666666666673,-0.9195399999999999
VENHQS1GRy1BNzBaOmxnZ190Y2dhX3Bhbl9jYW5fYXRsYXNfMjAxOA,0.8109833333333333,0.83705,1.10762,0.04064000000000001,2.0702249999999998,0.84598,0.7195799999999999,0.3793,0.59026,0.5593833333333333,0.515
VENHQS1GRy1BNzEwOmxnZ190Y2dhX3Bhbl9jYW5fYXRsYXNfMjAxOA,0.4665333333333333,0.3339666666666667,0.005619999999999958,-0.62252,0.19845000000000002,0.6911400000000001,0.3154,0.8967600000000001,0.37738,1.1266666666666667,1.2109200000000002
VENHQS1GRy1BNzExOmxnZ190Y2dhX3Bhbl9jYW5fYXRsYXNfMjAxOA,-1.0574666666666666,-0.7017333333333333,-0.60244,-0.9612999999999999,-0.98575,-0.10439999999999998,-0.5125,0.50122,-0.9142800000000001,-0.9977333333333332,-0.65384
VENHQS1GRy1BNzEzOmxnZ190Y2dhX3Bhbl9jYW5fYXRsYXNfMjAxOA,-0.44865,-1.0032,0.12866,-0.9530199999999999,-0.6742999999999999,-0.5894400000000001,-0.7905399999999999,-0.75098,-0.80892,-0.5896333333333333,-0.9046999999999998
VENHQS1GRy1BODdOOmxnZ190Y2dhX3Bhbl9jYW5fYXRsYXNfMjAxOA,-0.28985,-0.8318166666666666,0.033179999999999946,-0.7634400000000001,-0.356625,-0.48292,0.53672,-0.35872000000000004,0.08434,-0.4621833333333334,-0.5374199999999999
VENHQS1GRy1BODdROmxnZ190Y2dhX3Bhbl9jYW5fYXRsYXNfMjAxOA,0.8865833333333334,0.62485,-0.09430000000000006,0.19879999999999992,-1.0497,1.1186,0.68358,0.54202,0.69454,0.6002833333333334,1.55076
VENHQS1GTi03ODMzOmxnZ190Y2dhX3Bhbl9jYW5fYXRsYXNfMjAxOA,-0.5592500000000001,0.5500499999999999,0.23656000000000002,-0.9745799999999999,0.9856250000000001,0.4732,1.7242000000000002,0.04564000000000005,1.5957599999999998,1.3394666666666668,1.1167599999999998
VENHQS1IVC03NDY3OmxnZ190Y2dhX3Bhbl9jYW5fYXRsYXNfMjAxOA,0.23591666666666666,-0.6579499999999999,0.5454800000000001,0.36506,-0.79375,-0.15117999999999995,-0.9966999999999999,-0.41686000000000006,-0.31072,-0.5329333333333334,-0.24889999999999998
VENHQS1IVC03NDY4OmxnZ190Y2dhX3Bhbl9jYW5fYXRsYXNfMjAxOA,0.09786666666666666,0.056099999999999976,-0.65474,-0.7548999999999999,-0.10952500000000001,-0.11842000000000001,-0.7346400000000001,-0.28826,-0.1051,-0.4904,-0.6646000000000001
VENHQS1IVC03NDY5OmxnZ190Y2dhX3Bhbl9jYW5fYXRsYXNfMjAxOA,-0.9075666666666667,-0.8408666666666668,-0.6336,-1.01928,-0.8949750000000001,-0.07166000000000003,-0.90418,-0.8491799999999999,0.20412,-0.1282666666666667,-0.44986
VENHQS1IVC03NDc0OmxnZ190Y2dhX3Bhbl9jYW5fYXRsYXNfMjAxOA,0.14506666666666665,-0.6685666666666666,-0.43322000000000005,-0.6265000000000001,-0.9218999999999999,0.2279,-0.8116199999999999,-0.5298,-0.87058,-0.6221333333333333,-0.22612000000000002
VENHQS1IVC03NDc1OmxnZ190Y2dhX3Bhbl9jYW5fYXRsYXNfMjAxOA,-0.05576666666666668,-0.4195166666666667,-0.17200000000000001,-0.41868,-0.758,-0.37310000000000004,-1.20114,-1.0141399999999998,1.6805600000000003,-0.6970999999999999,-1.0608
VENHQS1IVC03NDc2OmxnZ190Y2dhX3Bhbl9jYW5fYXRsYXNfMjAxOA,0.54135,0.16150000000000006,-0.14426,0.59572,0.720375,0.20366,-0.09174000000000003,0.21962,-0.29361999999999994,-0.21995,-0.38042
VENHQS1IVC03NDc3OmxnZ190Y2dhX3Bhbl9jYW5fYXRsYXNfMjAxOA,-0.3410166666666667,-0.3694,-0.5917199999999999,0.06809999999999997,0.12290000000000001,0.16724,-0.45222000000000007,-0.6064200000000001,0.51784,0.16504999999999997,0.11402000000000004
VENHQS1IVC03NDc4OmxnZ190Y2dhX3Bhbl9jYW5fYXRsYXNfMjAxOA,1.8119166666666668,1.4536166666666663,0.0064400000000000126,0.8920999999999999,0.880475,0.8602799999999998,0.82656,0.98996,2.07092,1.06645,0.8978400000000001
VENHQS1IVC03NDc5OmxnZ190Y2dhX3Bhbl9jYW5fYXRsYXNfMjAxOA,0.39893333333333336,-0.14720000000000003,-0.51878,-0.53602,-0.14702500000000002,1.12812,0.66284,0.017000000000000015,0.33542,0.40513333333333335,-0.67654
VENHQS1IVC03NDcwOmxnZ190Y2dhX3Bhbl9jYW5fYXRsYXNfMjAxOA,-0.6752333333333334,-0.6153333333333333,-0.2605,-1.14942,-0.770625,0.02696000000000002,-0.67338,-0.40944,-0.3374400000000001,-0.5028,-0.81204
VENHQS1IVC03NDcxOmxnZ190Y2dhX3Bhbl9jYW5fYXRsYXNfMjAxOA,0.6197833333333334,0.31235,-0.10740000000000001,-0.024619999999999996,-0.13445000000000001,0.6506399999999999,0.51284,0.4769,0.5714,0.41401666666666664,0.5227600000000001
VENHQS1IVC03NDcyOmxnZ190Y2dhX3Bhbl9jYW5fYXRsYXNfMjAxOA,0.33568333333333333,0.4472833333333334,0.5276799999999999,-0.47332,-0.382725,-0.24827999999999997,0.8989,1.89402,-0.2979,0.5359999999999999,-0.08746000000000001
VENHQS1IVC03NDczOmxnZ190Y2dhX3Bhbl9jYW5fYXRsYXNfMjAxOA,0.9420000000000001,0.9296000000000001,0.022320000000000007,0.02052000000000005,1.4994500000000002,-0.09756000000000004,1.7085599999999999,1.4256199999999999,1.2631400000000002,0.8065000000000001,0.2846
VENHQS1IVC03NDg1OmxnZ190Y2dhX3Bhbl9jYW5fYXRsYXNfMjAxOA,-0.9467833333333333,-1.0159666666666667,-0.77298,-0.8407200000000001,-0.293025,-0.39442,0.028199999999999992,0.25814000000000004,-0.7900400000000001,0.24583333333333335,-0.6148
VENHQS1IVC03NDgwOmxnZ190Y2dhX3Bhbl9jYW5fYXRsYXNfMjAxOA,-0.65535,-0.9157666666666667,-0.07035999999999998,-0.58942,-0.4728,-0.57944,-1.11212,-0.68666,-1.2429399999999997,-0.17299999999999996,-0.7736799999999999
VENHQS1IVC03NDgxOmxnZ190Y2dhX3Bhbl9jYW5fYXRsYXNfMjAxOA,-0.1873166666666667,-0.9600666666666667,-0.26726,-0.54256,-0.29069999999999996,-0.31656000000000006,-0.7989,-0.4956199999999999,-0.47433999999999993,-0.41719999999999996,-1.0329599999999999
VENHQS1IVC03NDgyOmxnZ190Y2dhX3Bhbl9jYW5fYXRsYXNfMjAxOA,-0.9897166666666667,-0.20314999999999997,-0.4968399999999999,-1.2287000000000001,-0.592875,0.15746,0.6578,0.19104000000000002,0.3442200000000001,0.004533333333333334,-0.78348
VENHQS1IVC03NDgzOmxnZ190Y2dhX3Bhbl9jYW5fYXRsYXNfMjAxOA,-0.16618333333333332,-0.2920333333333333,0.22641999999999998,-1.1146,-0.34792500000000004,0.43176000000000003,0.08530000000000001,0.28646,0.07571999999999998,0.07426666666666668,-0.58666
VENHQS1IVC03NjA0OmxnZ190Y2dhX3Bhbl9jYW5fYXRsYXNfMjAxOA,-1.0472499999999998,-0.4323666666666666,-0.7505000000000001,-0.98978,-0.867,-0.05724,0.29505999999999993,-0.58906,-0.78158,-0.68165,-0.77952
VENHQS1IVC03NjA1OmxnZ190Y2dhX3Bhbl9jYW5fYXRsYXNfMjAxOA,-0.004933333333333299,-0.7898833333333334,-0.32223999999999997,-0.6464399999999999,-1.096525,0.41394000000000003,-0.52864,-0.23853999999999997,-1.12258,0.003916666666666679,-0.5388400000000001
VENHQS1IVC03NjA2OmxnZ190Y2dhX3Bhbl9jYW5fYXRsYXNfMjAxOA,-0.8874666666666667,-1.0474166666666667,-0.9406000000000001,-0.5024599999999999,-0.7059750000000001,-0.69984,-0.8356999999999999,-0.6218199999999999,-0.5692600000000001,-0.9627666666666667,-0.73558
VENHQS1IVC03NjA3OmxnZ190Y2dhX3Bhbl9jYW5fYXRsYXNfMjAxOA,0.008883333333333318,-0.38751666666666673,-0.10398,-0.60168,-0.104475,0.08046,-0.36376,-0.13946000000000008,-0.15924,-0.15633333333333332,-0.23312
VENHQS1IVC03NjA4OmxnZ190Y2dhX3Bhbl9jYW5fYXRsYXNfMjAxOA,-0.5634833333333333,-0.9909,-0.042120000000000005,-1.07522,-0.7625500000000001,0.05940000000000003,-0.07129999999999999,-0.20162,-0.09838,-0.05996666666666665,-0.63924
VENHQS1IVC03NjA5OmxnZ190Y2dhX3Bhbl9jYW5fYXRsYXNfMjAxOA,-1.3357833333333335,-0.84305,-0.7339,-0.9263600000000001,0.66985,0.40393999999999997,-0.18388,0.06883999999999998,-0.27564,-0.1069166666666667,-0.61018
VENHQS1IVC03NjAxOmxnZ190Y2dhX3Bhbl9jYW5fYXRsYXNfMjAxOA,1.4135833333333334,1.2257166666666668,0.7714000000000001,-0.13484000000000002,0.46507499999999996,0.5016999999999999,0.7926399999999999,0.76332,0.8728199999999999,1.0906,1.39434
VENHQS1IVC03NjAyOmxnZ190Y2dhX3Bhbl9jYW5fYXRsYXNfMjAxOA,-0.46548333333333325,-0.5387166666666666,-0.39570000000000005,-1.1468200000000002,0.17200000000000001,-0.007799999999999996,-0.27928000000000003,0.32486000000000004,-0.41075999999999996,-0.2766166666666667,-0.59178
VENHQS1IVC03NjAzOmxnZ190Y2dhX3Bhbl9jYW5fYXRsYXNfMjAxOA,-0.65375,-1.1292166666666665,-0.5903,-1.1002800000000001,-0.6243500000000001,-0.89032,-0.81714,-1.0615400000000002,-0.42245999999999995,-0.9182833333333335,-1.1484599999999998
VENHQS1IVC03NjE2OmxnZ190Y2dhX3Bhbl9jYW5fYXRsYXNfMjAxOA,1.9845833333333331,2.6227666666666667,1.48742,0.73396,2.6691000000000003,0.8243199999999999,1.2882600000000002,0.13846000000000003,0.8495999999999999,1.9230333333333334,0.94238
VENHQS1IVC03NjEwOmxnZ190Y2dhX3Bhbl9jYW5fYXRsYXNfMjAxOA,-0.4516166666666667,-0.45106666666666667,-0.034519999999999995,-0.7093999999999999,-0.6772,0.15905999999999998,-0.59492,-0.37032000000000004,-0.29812,-0.4012166666666666,-0.9549
VENHQS1IVC03NjExOmxnZ190Y2dhX3Bhbl9jYW5fYXRsYXNfMjAxOA,-0.19123333333333337,-0.32273333333333337,-0.29122000000000003,-0.43882000000000004,-0.757575,-0.17098,0.6908799999999999,-0.06537999999999998,-0.08922000000000001,0.01739999999999999,-0.24372000000000002
VENHQS1IVC03NjIwOmxnZ190Y2dhX3Bhbl9jYW5fYXRsYXNfMjAxOA,-0.46201666666666674,-1.04775,-0.08503999999999999,-0.6892799999999999,-1.00505,-0.41224,-0.48089999999999994,0.24934000000000003,-0.38034,0.21640000000000004,-0.39886000000000005
VENHQS1IVC03Njc2OmxnZ190Y2dhX3Bhbl9jYW5fYXRsYXNfMjAxOA,-0.06355000000000001,-0.5253666666666666,-0.7352399999999999,-0.9946200000000001,0.07387499999999997,-0.07990000000000001,0.51874,0.13333999999999996,1.2012800000000001,0.14081666666666662,-0.68714
VENHQS1IVC03Njc3OmxnZ190Y2dhX3Bhbl9jYW5fYXRsYXNfMjAxOA,0.1461,-0.3896333333333333,-0.51848,-0.65598,-0.19624999999999998,0.21238,-1.00326,-0.35236,0.47834000000000004,-0.1996,-0.8728200000000002
VENHQS1IVC03Njg0OmxnZ190Y2dhX3Bhbl9jYW5fYXRsYXNfMjAxOA,-0.8338,-0.8962166666666667,-0.5663799999999999,-0.71506,-0.10904999999999998,-0.4393000000000001,0.6618000000000002,0.09953999999999998,-0.00036000000000000474,-0.44616666666666677,-0.7202599999999999
VENHQS1IVC03Njg2OmxnZ190Y2dhX3Bhbl9jYW5fYXRsYXNfMjAxOA,0.5031666666666667,-0.10119999999999997,-0.20693999999999999,-0.10774000000000002,-0.525,-0.6023000000000001,0.8219800000000002,0.50476,1.56368,0.25384999999999996,0.07949999999999999
VENHQS1IVC03Njg3OmxnZ190Y2dhX3Bhbl9jYW5fYXRsYXNfMjAxOA,0.8192,0.4811666666666667,0.36496,-0.03218000000000001,0.5464500000000001,0.2873,-0.21878000000000003,0.5849599999999999,-0.33008,0.10220000000000001,-0.10651999999999995
VENHQS1IVC03Njg4OmxnZ190Y2dhX3Bhbl9jYW5fYXRsYXNfMjAxOA,0.007516666666666662,-0.6232500000000001,-0.27481999999999995,-0.4695600000000001,-0.634575,0.32284000000000007,-0.59098,-0.7591199999999999,0.11548,-0.5741666666666667,-0.7137
VENHQS1IVC03Njg5OmxnZ190Y2dhX3Bhbl9jYW5fYXRsYXNfMjAxOA,-0.9027333333333334,-0.6315833333333334,-0.32558,-0.76654,-0.41555,-0.57838,-0.04204000000000001,-0.19722,-0.34419999999999995,-0.2465333333333333,-0.24135999999999994
VENHQS1IVC03NjgwOmxnZ190Y2dhX3Bhbl9jYW5fYXRsYXNfMjAxOA,0.27611666666666673,0.2262166666666667,0.34638,0.16177999999999998,0.23659999999999998,0.5833600000000001,0.8064399999999999,0.08016000000000005,1.225,0.1705833333333333,0.18302
VENHQS1IVC03NjgxOmxnZ190Y2dhX3Bhbl9jYW5fYXRsYXNfMjAxOA,1.2994833333333335,0.5834666666666667,0.57106,-0.19408,-0.52835,0.41133999999999993,-0.07515999999999998,0.71892,-0.73832,0.16616666666666668,-0.04453999999999998
VENHQS1IVC03Njk0OmxnZ190Y2dhX3Bhbl9jYW5fYXRsYXNfMjAxOA,-0.4713,-1.2036666666666667,-0.33622,-1.16936,-0.8912749999999999,-0.24024,-1.06946,-0.975,0.061360000000000005,-0.3816166666666667,-1.0711
VENHQS1IVC03Njk1OmxnZ190Y2dhX3Bhbl9jYW5fYXRsYXNfMjAxOA,-0.5369166666666666,-0.7411,-0.38754000000000005,-0.9296200000000001,-0.7883249999999999,0.28681999999999996,-0.8829600000000001,-0.65584,-0.67404,-0.6748333333333334,-0.9435800000000001
VENHQS1IVC03NjkwOmxnZ190Y2dhX3Bhbl9jYW5fYXRsYXNfMjAxOA,1.6154833333333334,0.7852833333333332,0.48322000000000004,1.7993200000000003,0.0751,0.36192,0.71594,0.44930000000000003,0.15131999999999998,0.11653333333333332,0.7969799999999999
VENHQS1IVC03NjkxOmxnZ190Y2dhX3Bhbl9jYW5fYXRsYXNfMjAxOA,0.36218333333333336,0.34989999999999993,0.5948399999999999,0.10555999999999996,0.50445,0.5564,0.84236,0.7767199999999999,0.7319799999999999,0.59775,-0.02088000000000001
VENHQS1IVC03NjkyOmxnZ190Y2dhX3Bhbl9jYW5fYXRsYXNfMjAxOA,-0.5524,-0.84445,-0.55836,-0.08999999999999998,-0.6460999999999999,-0.17351999999999998,-0.24300000000000002,0.26908000000000004,-0.8835,-0.7477833333333334,-0.72708
VENHQS1IVC03NjkzOmxnZ190Y2dhX3Bhbl9jYW5fYXRsYXNfMjAxOA,0.19616666666666668,0.06183333333333332,-0.47674000000000005,-0.10392000000000005,0.06004999999999999,-0.40478000000000003,0.6858799999999999,0.046699999999999964,1.3828400000000003,-0.19361666666666666,-0.40314000000000005
VENHQS1IVC03ODU0OmxnZ190Y2dhX3Bhbl9jYW5fYXRsYXNfMjAxOA,0.13848333333333332,0.10181666666666668,-0.44845999999999997,-0.5459799999999999,0.022150000000000003,0.61736,0.83294,0.03849999999999998,1.1736,0.37353333333333333,-0.11230000000000002
VENHQS1IVC03ODU1OmxnZ190Y2dhX3Bhbl9jYW5fYXRsYXNfMjAxOA,-1.0630333333333335,-0.6173,-0.78804,-1.29384,-0.759975,-0.6432599999999999,0.40842,-0.10552000000000002,-0.25664,-0.8397333333333333,-0.8565200000000001
VENHQS1IVC03ODU2OmxnZ190Y2dhX3Bhbl9jYW5fYXRsYXNfMjAxOA,-0.20631666666666668,-0.9677000000000001,0.18804000000000004,-0.94252,-0.14822500000000002,-0.44172,-0.28090000000000004,-0.8375,0.18208,-0.4187166666666666,-0.8647199999999999
VENHQS1IVC03ODU3OmxnZ190Y2dhX3Bhbl9jYW5fYXRsYXNfMjAxOA,2.1706,2.822083333333333,0.82196,1.0378399999999999,1.6159500000000002,1.457,2.01178,1.7259,2.16258,2.0198,1.90548
VENHQS1IVC03ODU4OmxnZ190Y2dhX3Bhbl9jYW5fYXRsYXNfMjAxOA,1.0733499999999998,1.4972166666666666,0.2231,0.5041599999999999,2.479025,0.79086,0.95098,1.03978,1.39566,0.3042166666666667,0.16653999999999997
VENHQS1IVC03ODYwOmxnZ190Y2dhX3Bhbl9jYW5fYXRsYXNfMjAxOA,0.65565,0.96525,1.0969200000000001,0.15487999999999996,0.10244999999999999,1.59054,0.3978,1.0821999999999998,0.21917999999999999,0.7144333333333334,1.0356200000000002
VENHQS1IVC03ODc0OmxnZ190Y2dhX3Bhbl9jYW5fYXRsYXNfMjAxOA,-0.5769833333333333,-0.9493333333333333,-0.25387999999999994,-0.81464,-0.944125,-0.10296000000000001,-0.7229599999999999,-0.5301199999999999,0.5005000000000001,-0.37833333333333335,-0.9981
VENHQS1IVC03ODc1OmxnZ190Y2dhX3Bhbl9jYW5fYXRsYXNfMjAxOA,-0.9691333333333333,-1.2809833333333334,-0.18283999999999997,-0.8530399999999998,-1.0797750000000002,-0.41357999999999995,-1.04264,-0.8961,-1.3448799999999999,-0.4514500000000001,-0.86212
VENHQS1IVC03ODc3OmxnZ190Y2dhX3Bhbl9jYW5fYXRsYXNfMjAxOA,-0.27118333333333333,-0.33463333333333334,0.15118000000000004,-0.7148199999999999,0.14964999999999998,-0.5839599999999999,-0.67072,-1.00084,1.70172,-0.39186666666666664,-1.15604
VENHQS1IVC03ODc5OmxnZ190Y2dhX3Bhbl9jYW5fYXRsYXNfMjAxOA,-1.0693166666666667,-0.5470833333333333,-0.3973,-0.9868600000000001,-0.08585000000000001,0.07208,0.24047999999999997,0.27468000000000004,-0.19039999999999999,-0.19201666666666664,-0.97866
VENHQS1IVC03ODczOmxnZ190Y2dhX3Bhbl9jYW5fYXRsYXNfMjAxOA,-1.4465833333333336,-0.9438166666666667,-0.12789999999999999,-1.2374800000000001,-0.44004999999999994,-0.93774,0.07686,0.07253999999999997,1.56996,0.25048333333333334,-1.37304
VENHQS1IVC03ODg0OmxnZ190Y2dhX3Bhbl9jYW5fYXRsYXNfMjAxOA,-1.1186833333333333,-0.8103833333333332,-0.08293999999999999,-0.99542,-0.12612500000000001,-0.9834399999999999,-0.21071999999999996,-0.024459999999999992,-0.19554,-0.45041666666666663,-1.45444
VENHQS1IVC03ODgwOmxnZ190Y2dhX3Bhbl9jYW5fYXRsYXNfMjAxOA,0.41453333333333336,-0.5017333333333333,0.48078000000000004,0.13063999999999995,-0.36060000000000003,-0.3024,-0.6479999999999999,-0.2986,0.27358000000000005,-0.015149999999999978,-0.77182
VENHQS1IVC03ODgxOmxnZ190Y2dhX3Bhbl9jYW5fYXRsYXNfMjAxOA,-0.3333000000000001,-0.5576833333333332,-0.25588,-0.60298,-0.459375,-0.19319999999999998,-1.44052,-0.58732,-1.03596,-0.8243333333333335,-1.01986
VENHQS1IVC03ODgyOmxnZ190Y2dhX3Bhbl9jYW5fYXRsYXNfMjAxOA,2.757433333333333,3.7230000000000003,1.84968,1.1705999999999999,2.07505,0.9674399999999999,2.9073,1.25542,2.75306,2.066733333333333,1.20976
VENHQS1IVC03OTAyOmxnZ190Y2dhX3Bhbl9jYW5fYXRsYXNfMjAxOA,0.7173833333333333,0.06679999999999998,0.18197999999999998,0.3804600000000001,0.556075,-0.09779999999999993,-0.5144,-0.16860000000000003,0.84002,-0.36305000000000004,-0.17562000000000005
VENHQS1IVC04MDE1OmxnZ190Y2dhX3Bhbl9jYW5fYXRsYXNfMjAxOA,0.3153333333333333,-0.18546666666666667,0.29462,-0.14773999999999998,-0.648525,0.62718,-0.48347999999999997,-0.06281999999999995,-0.02300000000000002,-0.30985000000000007,-0.06100000000000003
VENHQS1IVC04MDE4OmxnZ190Y2dhX3Bhbl9jYW5fYXRsYXNfMjAxOA,1.2175333333333334,1.6076499999999998,0.66038,0.09803999999999999,1.22325,1.2770800000000002,1.0356999999999998,0.8881599999999998,1.0926399999999998,0.86495,0.5647599999999999
VENHQS1IVC04MDE5OmxnZ190Y2dhX3Bhbl9jYW5fYXRsYXNfMjAxOA,-0.12789999999999999,-1.1575833333333334,0.27998,-0.43567999999999996,-0.238,-0.040719999999999985,-1.29442,-0.86528,-0.9857199999999999,-0.5691666666666667,-1.0992400000000002
VENHQS1IVC04MDEwOmxnZ190Y2dhX3Bhbl9jYW5fYXRsYXNfMjAxOA,-0.040533333333333345,-0.5446833333333333,0.22178,-0.68692,0.015600000000000017,0.23349999999999999,-0.32874,-0.14451999999999998,-0.17462,0.062283333333333246,-0.8384199999999999
VENHQS1IVC04MDExOmxnZ190Y2dhX3Bhbl9jYW5fYXRsYXNfMjAxOA,-0.05818333333333334,-0.22398333333333334,0.30394,0.022839999999999992,0.32999999999999996,-0.09514000000000003,-0.64814,-0.1091,-0.81074,0.438,-0.22802000000000003
VENHQS1IVC04MDEyOmxnZ190Y2dhX3Bhbl9jYW5fYXRsYXNfMjAxOA,-0.6511166666666667,-0.43439999999999995,0.15328,-1.16214,-0.6076250000000001,-0.16287999999999997,-0.21553999999999998,-0.7649199999999999,-0.50666,-0.07251666666666666,-1.07464
VENHQS1IVC04MDEzOmxnZ190Y2dhX3Bhbl9jYW5fYXRsYXNfMjAxOA,-0.6079,-0.49431666666666657,-0.08461999999999997,-0.6081799999999999,-0.17559999999999998,1.11632,1.1512999999999998,-0.25054,1.03494,0.24966666666666668,-0.13641999999999999
VENHQS1IVC04MTA0OmxnZ190Y2dhX3Bhbl9jYW5fYXRsYXNfMjAxOA,0.055333333333333325,-0.27658333333333335,0.003079999999999997,-0.47286,0.25487499999999996,1.01254,-0.45518000000000003,-0.40142000000000005,-0.38926000000000005,0.0510333333333333,0.9282400000000001
VENHQS1IVC04MTA1OmxnZ190Y2dhX3Bhbl9jYW5fYXRsYXNfMjAxOA,-0.07280000000000002,0.21936666666666663,0.6235999999999999,-0.08388000000000002,-0.138725,-0.19896,-0.25904000000000005,-0.58762,1.7555,-0.04538333333333331,-0.77586
VENHQS1IVC04MTA2OmxnZ190Y2dhX3Bhbl9jYW5fYXRsYXNfMjAxOA,3.4831333333333334,4.751416666666667,3.43086,2.0584,6.587025,1.2057200000000001,2.16146,2.4055999999999997,2.09862,2.884083333333333,2.67446
VENHQS1IVC04MTA3OmxnZ190Y2dhX3Bhbl9jYW5fYXRsYXNfMjAxOA,-0.08696666666666668,-1.0511666666666668,0.0014399999999999524,-0.74838,-0.445275,0.7257999999999999,-0.72864,-0.8708,-0.54118,-0.3433166666666667,-0.65676
VENHQS1IVC04MTA4OmxnZ190Y2dhX3Bhbl9jYW5fYXRsYXNfMjAxOA,-0.40451666666666664,0.3276166666666666,-0.22602000000000003,-0.32520000000000004,0.6064999999999999,-0.2466,0.23191999999999996,0.7509399999999999,1.295,0.11081666666666669,0.25682000000000005
VENHQS1IVC04MTA5OmxnZ190Y2dhX3Bhbl9jYW5fYXRsYXNfMjAxOA,-0.1226666666666667,-0.2309,-0.2411,-0.45908,-0.579575,-0.05873999999999998,-0.36391999999999997,-0.19498,-0.17436000000000001,-0.14070000000000005,-0.55674
VENHQS1IVC04MTE0OmxnZ190Y2dhX3Bhbl9jYW5fYXRsYXNfMjAxOA,0.9934833333333333,0.53105,0.72684,1.22184,0.18695,0.67036,1.08458,1.3597000000000001,0.9103800000000002,0.5231,0.6481600000000001
VENHQS1IVC04MTEwOmxnZ190Y2dhX3Bhbl9jYW5fYXRsYXNfMjAxOA,1.1506166666666666,1.4970333333333332,0.6794199999999999,0.029780000000000008,0.51415,1.13812,0.9159,1.0549000000000002,2.01212,1.3466166666666668,0.84132
VENHQS1IVC04MTExOmxnZ190Y2dhX3Bhbl9jYW5fYXRsYXNfMjAxOA,0.45475,0.7201666666666667,0.55714,-0.54186,0.9491750000000001,-0.42776000000000003,0.08618,0.98866,-0.08209999999999999,0.13846666666666665,-0.04339999999999995
VENHQS1IVC04MTEzOmxnZ190Y2dhX3Bhbl9jYW5fYXRsYXNfMjAxOA,0.24811666666666668,-0.04310000000000003,-0.09635999999999996,-0.02357999999999998,0.4692,-0.14472000000000002,-1.2724199999999999,-0.83948,0.8967400000000001,-0.4599666666666667,-0.81616
VENHQS1IVC04NTU4OmxnZ190Y2dhX3Bhbl9jYW5fYXRsYXNfMjAxOA,-0.6796833333333333,-0.9037666666666667,-0.2624599999999999,-0.96784,-1.3251750000000002,-0.634,-1.3219800000000002,-1.22958,-0.60418,-0.8401833333333334,-0.9641200000000001
VENHQS1IVC04NTY0OmxnZ190Y2dhX3Bhbl9jYW5fYXRsYXNfMjAxOA,1.2411666666666668,-0.0020000000000000018,0.58402,0.25044,0.43254999999999993,0.29472,-0.5231,0.12367999999999997,-0.40553999999999996,0.5713,0.17694000000000001
VENHQS1IVC04NTYzOmxnZ190Y2dhX3Bhbl9jYW5fYXRsYXNfMjAxOA,2.446966666666667,2.7887000000000004,2.0731,2.66966,0.97875,1.23868,2.36462,0.53426,2.54676,2.167116666666667,2.90988
VENHQS1IVC1BNERTOmxnZ190Y2dhX3Bhbl9jYW5fYXRsYXNfMjAxOA,1.3119333333333332,0.16070000000000004,0.79472,0.14706000000000002,0.680225,0.39426,0.14617999999999992,0.12833999999999995,0.23236000000000004,0.3443833333333333,0.99452
VENHQS1IVC1BNERWOmxnZ190Y2dhX3Bhbl9jYW5fYXRsYXNfMjAxOA,0.20561666666666667,-0.7893166666666667,-0.178,-0.59218,0.2825,-0.16868,-0.92598,-0.09096000000000001,-0.44906000000000007,-0.5948166666666667,-0.9064399999999997
VENHQS1IVC1BNVI1OmxnZ190Y2dhX3Bhbl9jYW5fYXRsYXNfMjAxOA,-0.46435000000000004,-0.6166833333333334,-0.53572,-1.2657399999999999,-0.36140000000000005,0.44366000000000005,0.9273199999999999,0.34502000000000005,-0.06730000000000001,1.1107666666666667,0.33862000000000003
VENHQS1IVC1BNVI3OmxnZ190Y2dhX3Bhbl9jYW5fYXRsYXNfMjAxOA,-0.35375,-0.6640833333333334,0.30577999999999994,-0.7860600000000001,-0.70865,0.12273999999999999,-0.70174,-0.26034,-0.80306,-0.5037833333333334,-0.24369999999999997
VENHQS1IVC1BNVI5OmxnZ190Y2dhX3Bhbl9jYW5fYXRsYXNfMjAxOA,0.7233833333333334,0.08816666666666671,-0.3271,0.1291,0.701225,0.18092000000000003,-1.07538,-1.06544,1.18196,-0.5009333333333333,-1.06554
VENHQS1IVC1BNVJBOmxnZ190Y2dhX3Bhbl9jYW5fYXRsYXNfMjAxOA,0.45328333333333326,0.2071333333333333,0.08436,-0.59566,0.8780249999999999,1.26174,-0.34556000000000003,0.45788,0.2671,0.21704999999999997,2.0477800000000004
VENHQS1IVC1BNVJCOmxnZ190Y2dhX3Bhbl9jYW5fYXRsYXNfMjAxOA,-0.8516333333333334,-0.6353,-0.20791999999999997,-1.48036,-0.41455,0.07974,-0.7169000000000001,-1.1648,-1.07686,-0.2788833333333333,-1.00712
VENHQS1IVC1BNVJDOmxnZ190Y2dhX3Bhbl9jYW5fYXRsYXNfMjAxOA,-0.03620000000000002,0.006916666666666664,-0.5237,-0.26778,-0.200575,0.4570200000000001,0.14233999999999997,-0.03320000000000003,0.20610000000000003,0.0856333333333333,0.022479999999999965
VENHQS1IVC1BNjE0OmxnZ190Y2dhX3Bhbl9jYW5fYXRsYXNfMjAxOA,-0.6232333333333333,-0.5677833333333333,-0.33871999999999997,-0.7213200000000001,0.08330000000000001,-0.07614000000000001,-0.35702,0.35164,-0.41061999999999993,-0.1481333333333333,-0.6769399999999999
VENHQS1IVC1BNjE1OmxnZ190Y2dhX3Bhbl9jYW5fYXRsYXNfMjAxOA,0.7779000000000001,1.0899,0.8016400000000001,-0.26944,-0.28347500000000003,-0.22319999999999998,0.23274000000000003,0.3732999999999999,0.014439999999999986,1.0753666666666666,0.33022000000000007
VENHQS1IVC1BNjE2OmxnZ190Y2dhX3Bhbl9jYW5fYXRsYXNfMjAxOA,-0.5049833333333333,-1.0924333333333334,-0.5496599999999999,-0.69526,-0.45247499999999996,0.008399999999999996,-0.21544,-0.66262,-0.9146599999999999,-0.6526833333333334,-1.0556
VENHQS1IVC1BNjE3OmxnZ190Y2dhX3Bhbl9jYW5fYXRsYXNfMjAxOA,1.7886333333333333,1.5300666666666667,1.14906,-0.03935999999999993,1.66475,0.04942,0.77128,1.56522,0.0010800000000000033,0.8921666666666667,0.48392
VENHQS1IVC1BNjE4OmxnZ190Y2dhX3Bhbl9jYW5fYXRsYXNfMjAxOA,1.1933833333333335,0.5971166666666666,0.017020000000000035,0.29912,0.958725,0.71688,0.6575000000000001,0.4593999999999999,1.38254,0.5118999999999999,0.3436
VENHQS1IVC1BNjFBOmxnZ190Y2dhX3Bhbl9jYW5fYXRsYXNfMjAxOA,0.02705,-0.41098333333333326,-0.09580000000000002,-0.49598,-0.19722500000000004,-0.9917400000000001,-0.56612,-0.25321999999999995,-1.1593,-0.51595,-0.9316999999999999
VENHQS1IVC1BNjFCOmxnZ190Y2dhX3Bhbl9jYW5fYXRsYXNfMjAxOA,0.43613333333333326,0.6040833333333333,-0.17312000000000002,-0.27596,1.029625,0.5773199999999999,0.69386,0.9338999999999998,1.27012,0.8551666666666667,0.79546
VENHQS1IVC1BNjFDOmxnZ190Y2dhX3Bhbl9jYW5fYXRsYXNfMjAxOA,1.1701666666666666,0.3945000000000001,-0.15646000000000004,-0.2575,0.989575,1.2132,0.41525999999999996,-0.28203999999999996,0.6204,0.9594333333333336,1.23028
VENHQS1IVC1BNzRIOmxnZ190Y2dhX3Bhbl9jYW5fYXRsYXNfMjAxOA,1.26585,0.19308333333333336,0.15528,0.04822000000000002,0.9792000000000001,0.12146000000000001,0.2686,0.32304,0.53936,0.3355166666666667,-0.2526
VENHQS1IVC1BNzRKOmxnZ190Y2dhX3Bhbl9jYW5fYXRsYXNfMjAxOA,-0.9563833333333333,-0.9468666666666667,-0.25714000000000004,-1.0034800000000001,-0.53325,0.17188,-0.2572,0.23066,0.26164,-0.5388833333333334,-0.8754799999999999
VENHQS1IVC1BNzRLOmxnZ190Y2dhX3Bhbl9jYW5fYXRsYXNfMjAxOA,-0.5622666666666667,-0.5873833333333333,0.4138400000000001,-0.24488000000000004,0.8813,-0.5459799999999999,0.32726,0.5134799999999999,-0.37032000000000004,-0.2504333333333333,-0.77962
VENHQS1IVC1BNzRMOmxnZ190Y2dhX3Bhbl9jYW5fYXRsYXNfMjAxOA,-1.54915,-0.9620000000000001,-0.06604000000000002,-1.19092,-1.0343,-0.62544,0.41064,-0.22444000000000003,0.1671,-0.2934,-0.8414399999999999
VENHQS1IVC1BNzRPOmxnZ190Y2dhX3Bhbl9jYW5fYXRsYXNfMjAxOA,0.8557833333333332,0.7009833333333333,-0.29301999999999995,-0.46471999999999997,0.89995,-0.17460000000000003,0.59272,1.22596,0.9525,0.7384166666666667,0.10447999999999999
VENHQS1IVy03NDg2OmxnZ190Y2dhX3Bhbl9jYW5fYXRsYXNfMjAxOA,-0.22485,-0.7089166666666668,-0.32242,-1.1257199999999998,-0.31795,-0.4787,-0.09416,-0.48751999999999995,-0.14240000000000003,0.05215000000000001,-0.46552000000000004
VENHQS1IVy03NDg3OmxnZ190Y2dhX3Bhbl9jYW5fYXRsYXNfMjAxOA,-0.8071166666666668,-0.72765,-0.04166000000000001,-0.8714600000000001,-1.1906249999999998,-0.14850000000000002,-0.7297800000000001,-1.30304,0.15553999999999998,-0.4505666666666666,-0.7929599999999999
VENHQS1IVy03NDg5OmxnZ190Y2dhX3Bhbl9jYW5fYXRsYXNfMjAxOA,-0.5416333333333333,-0.8477333333333333,-0.14495999999999998,-1.1951,-0.02335000000000001,0.35948000000000013,-0.21205999999999997,-0.55074,0.0889,-0.46596666666666664,-0.7918999999999999
VENHQS1IVy03NDk1OmxnZ190Y2dhX3Bhbl9jYW5fYXRsYXNfMjAxOA,-1.0381333333333334,-1.2180666666666666,-0.17166,-1.4811200000000002,-1.02865,-0.45858,-0.84404,-0.85526,-0.51714,-0.31436666666666674,-1.29832
VENHQS1IVy03NDkwOmxnZ190Y2dhX3Bhbl9jYW5fYXRsYXNfMjAxOA,0.48385000000000006,-0.001100000000000027,-0.38545999999999997,-0.04078,-0.07132500000000001,0.6085200000000001,-0.35862,-0.17371999999999999,0.17716000000000004,0.2558333333333333,0.1906
VENHQS1IVy03NDkxOmxnZ190Y2dhX3Bhbl9jYW5fYXRsYXNfMjAxOA,-0.7931,-0.7069333333333333,-0.4486800000000001,-0.9007400000000001,-0.647625,-1.2158799999999998,-0.66138,-1.57782,1.02612,-1.1419,-0.9766999999999999
VENHQS1IVy03NDkzOmxnZ190Y2dhX3Bhbl9jYW5fYXRsYXNfMjAxOA,0.8725333333333333,0.02953333333333334,-0.18200000000000002,-0.7572800000000001,0.30474999999999997,0.8443400000000001,0.4523400000000001,0.32788000000000006,0.96064,0.37171666666666664,-0.08395999999999997
VENHQS1IVy04MzE5OmxnZ190Y2dhX3Bhbl9jYW5fYXRsYXNfMjAxOA,-0.6250333333333333,-0.8572833333333333,-0.06617999999999997,-1.3841800000000002,-0.826,0.14291999999999996,-0.09937999999999995,-0.35274,-0.03279999999999998,-0.12095,-0.7256
VENHQS1IVy04MzIwOmxnZ190Y2dhX3Bhbl9jYW5fYXRsYXNfMjAxOA,-0.8385333333333334,-0.67915,-0.6932600000000001,-0.8607400000000001,-0.8070499999999999,0.8063,0.43246,0.14518000000000003,0.57994,-0.17486666666666664,-0.72966
VENHQS1IVy04MzIxOmxnZ190Y2dhX3Bhbl9jYW5fYXRsYXNfMjAxOA,0.06385000000000002,-0.05646666666666664,-0.23671999999999999,0.33206,0.5005249999999999,0.7129800000000001,0.13233999999999996,0.09008000000000002,0.95052,0.5998666666666668,-0.15482
VENHQS1IVy04MzIyOmxnZ190Y2dhX3Bhbl9jYW5fYXRsYXNfMjAxOA,0.12928333333333333,-0.14051666666666668,0.19117999999999996,-0.641,0.4192499999999999,-0.4237,-0.39108,0.35704,0.1998,0.03625000000000004,-0.32548000000000005
VENHQS1IVy1BNUtKOmxnZ190Y2dhX3Bhbl9jYW5fYXRsYXNfMjAxOA,1.25025,-0.10268333333333333,0.30301999999999996,0.17647999999999997,0.399025,-0.27118000000000003,-1.0717199999999998,-1.7526400000000002,-1.16148,-0.30621666666666664,-0.8102199999999999
VENHQS1IVy1BNUtLOmxnZ190Y2dhX3Bhbl9jYW5fYXRsYXNfMjAxOA,1.1327833333333333,1.2230333333333332,0.2777,-0.29844,0.09237499999999997,0.67344,0.8578800000000001,0.26382000000000005,1.0827,0.8802500000000001,-0.11976
VENHQS1IVy1BNUtMOmxnZ190Y2dhX3Bhbl9jYW5fYXRsYXNfMjAxOA,-0.4932666666666667,-0.38805,-0.8459,-0.6197799999999999,-0.27655,-0.63066,0.25251999999999997,0.32802000000000003,-0.38526,-0.23683333333333334,-1.15172
VENHQS1IVy1BNUtNOmxnZ190Y2dhX3Bhbl9jYW5fYXRsYXNfMjAxOA,0.24289999999999998,0.7828833333333334,-0.14575999999999997,0.3002199999999999,0.301875,0.7637599999999999,1.16646,1.7009,1.1872800000000001,1.7462833333333334,1.93354
VENHQS1JSy03Njc1OmxnZ190Y2dhX3Bhbl9jYW5fYXRsYXNfMjAxOA,-1.1768166666666666,-1.0605833333333334,-0.48528000000000004,-1.2947,-0.780475,-0.5369400000000001,0.14384000000000002,-1.1025200000000002,-0.91716,-0.7840333333333334,-0.8945799999999998
VENHQS1JSy04MTI1OmxnZ190Y2dhX3Bhbl9jYW5fYXRsYXNfMjAxOA,-0.27586666666666665,-0.43401666666666666,0.12183999999999999,-0.9238,0.002850000000000019,-0.11514000000000002,-0.5261199999999999,0.15182,0.34174000000000004,-0.3533833333333333,-0.6331800000000001
VENHQS1LVC1BN1cxOmxnZ190Y2dhX3Bhbl9jYW5fYXRsYXNfMjAxOA,1.1594333333333333,0.23326666666666665,-0.09403999999999997,-0.8765599999999999,-0.006025000000000003,1.04496,0.06961999999999999,-0.32458,-0.82498,0.22178333333333342,1.66554
VENHQS1LVC1BNzRYOmxnZ190Y2dhX3Bhbl9jYW5fYXRsYXNfMjAxOA,0.6685666666666666,-0.14708333333333334,-0.009119999999999984,0.10434000000000006,-0.417825,-0.25876,-0.30798000000000003,-0.7054799999999999,0.012819999999999988,-0.64345,-0.29096
VENHQS1QNS1BNUVUOmxnZ190Y2dhX3Bhbl9jYW5fYXRsYXNfMjAxOA,-0.20853333333333335,-0.8310000000000001,-0.50892,-0.80144,-0.39405,-0.7724,-0.8867400000000002,-0.56254,-1.3857599999999999,-0.6427833333333334,-1.0826
VENHQS1QNS1BNUVVOmxnZ190Y2dhX3Bhbl9jYW5fYXRsYXNfMjAxOA,0.2050833333333333,-0.11180000000000001,0.13496,1.2843399999999998,0.791925,0.87288,0.69468,-0.64748,1.4381,0.3931833333333334,1.80018
VENHQS1QNS1BNUVWOmxnZ190Y2dhX3Bhbl9jYW5fYXRsYXNfMjAxOA,0.7384833333333334,-0.57585,-0.21784000000000003,0.6738199999999999,-0.036174999999999985,0.15074,0.12086,0.36848,-0.28008,-0.35313333333333335,-0.32522
VENHQS1QNS1BNUVXOmxnZ190Y2dhX3Bhbl9jYW5fYXRsYXNfMjAxOA,-0.35179999999999995,-0.2595166666666667,-0.54222,-0.99214,0.216675,0.35104,0.32476,0.07376,-0.010980000000000004,0.37865,-0.8943
VENHQS1QNS1BNUVYOmxnZ190Y2dhX3Bhbl9jYW5fYXRsYXNfMjAxOA,2.1221333333333336,1.3874000000000002,0.8781800000000001,0.16507999999999995,1.666,0.73178,1.0555600000000003,0.57828,0.9343600000000001,1.51325,1.3432199999999999
VENHQS1QNS1BNUVZOmxnZ190Y2dhX3Bhbl9jYW5fYXRsYXNfMjAxOA,1.5410166666666667,-0.39631666666666665,0.09168000000000001,0.052960000000000076,-0.6093249999999999,-0.05396000000000001,-0.8937799999999999,-0.04714,-0.8827400000000001,-0.09766666666666668,0.2435
VENHQS1QNS1BNUVaOmxnZ190Y2dhX3Bhbl9jYW5fYXRsYXNfMjAxOA,2.0505999999999998,1.5204833333333332,0.09393999999999997,0.13577999999999996,0.7143,0.41283999999999993,0.5971599999999999,0.29668,0.22378,0.6894499999999999,-0.23196
VENHQS1QNS1BNUY0OmxnZ190Y2dhX3Bhbl9jYW5fYXRsYXNfMjAxOA,0.31276666666666664,-0.6849166666666667,-0.32199999999999995,0.14523999999999998,-0.499425,-0.1076,-1.03142,-0.52908,-0.1927,-0.6005333333333334,-1.0300799999999999
VENHQS1QNS1BNUY2OmxnZ190Y2dhX3Bhbl9jYW5fYXRsYXNfMjAxOA,-0.14759999999999998,-0.48008333333333325,-1.00278,-1.1845400000000001,-0.70995,-0.68148,0.9455199999999999,-0.6327400000000001,-0.17182000000000003,-0.34103333333333324,-0.95024
VENHQS1QNS1BNUYwOmxnZ190Y2dhX3Bhbl9jYW5fYXRsYXNfMjAxOA,-0.18796666666666664,-1.05935,-0.024479999999999967,-0.49894,-0.628725,-0.62308,-1.5355000000000003,-0.9215200000000001,-0.76604,-0.7004999999999999,-0.72718
VENHQS1QNS1BNUYxOmxnZ190Y2dhX3Bhbl9jYW5fYXRsYXNfMjAxOA,0.8304166666666667,-0.9306333333333333,-0.69732,-0.4547800000000001,0.25285,0.5222,0.5421400000000001,0.44092000000000003,-0.41844000000000003,-0.4029,0.4122199999999999
VENHQS1QNS1BNUYyOmxnZ190Y2dhX3Bhbl9jYW5fYXRsYXNfMjAxOA,-0.7182666666666666,-1.25705,-0.15164,-0.93764,-1.010775,-0.31132,-0.25972,-0.52022,-0.1779,-0.8577166666666667,-1.0944
VENHQS1QNS1BNzJVOmxnZ190Y2dhX3Bhbl9jYW5fYXRsYXNfMjAxOA,1.9297833333333336,1.6394833333333334,0.8824200000000001,1.146,4.0872,0.56044,0.9814400000000001,0.56802,1.02388,0.5100833333333333,0.40207999999999994
VENHQS1QNS1BNzJXOmxnZ190Y2dhX3Bhbl9jYW5fYXRsYXNfMjAxOA,-0.3409666666666667,-0.9609500000000001,-1.15888,-0.9977600000000001,-0.783775,-0.76844,0.036739999999999995,0.07128000000000001,-1.1284,-0.7167499999999999,-0.9291799999999999
VENHQS1QNS1BNzJYOmxnZ190Y2dhX3Bhbl9jYW5fYXRsYXNfMjAxOA,0.41945000000000005,-0.02188333333333335,-0.16626,-0.5642400000000001,0.14479999999999998,0.7532599999999999,-0.41502,0.25017999999999996,-0.6326,-0.1875,-0.37658
VENHQS1QNS1BNzJaOmxnZ190Y2dhX3Bhbl9jYW5fYXRsYXNfMjAxOA,-0.85475,-1.1891666666666667,-0.8308399999999999,-0.24292000000000002,-0.421525,-0.7134400000000001,-1.6091000000000002,-1.6192999999999997,-1.55454,-1.5108833333333334,-1.3271600000000001
VENHQS1QNS1BNzM1OmxnZ190Y2dhX3Bhbl9jYW5fYXRsYXNfMjAxOA,-1.0933000000000002,-1.1045333333333334,-0.31823999999999997,-0.22146,-0.8994,-0.9770999999999999,-0.36632000000000003,-0.047039999999999985,-0.62818,-0.3090833333333334,-1.4857999999999998
VENHQS1QNS1BNzM2OmxnZ190Y2dhX3Bhbl9jYW5fYXRsYXNfMjAxOA,0.9049666666666667,0.44373333333333337,-0.24826,0.26298,1.2254,0.25556000000000006,0.8081400000000001,1.14752,0.38684,0.7228,-0.17088
VENHQS1QNS1BNzM3OmxnZ190Y2dhX3Bhbl9jYW5fYXRsYXNfMjAxOA,-0.466,-0.7844166666666667,-0.22774,-0.8594200000000001,-0.8834,0.005540000000000034,-0.43579999999999997,-0.34112,-1.0028400000000002,-0.09021666666666665,-0.7886599999999999
VENHQS1QNS1BNzMwOmxnZ190Y2dhX3Bhbl9jYW5fYXRsYXNfMjAxOA,-0.2949666666666667,-0.5629333333333332,-0.11376000000000001,-0.7139200000000001,-0.43374999999999997,-0.05686000000000002,-0.52394,-0.5538000000000002,-0.6334200000000001,-1.0412666666666668,-0.43766000000000005
VENHQS1QNS1BNzMxOmxnZ190Y2dhX3Bhbl9jYW5fYXRsYXNfMjAxOA,0.002133333333333339,-0.04446666666666662,-0.31348,-0.238,-0.22147499999999995,0.25772,0.52148,0.07793999999999994,0.56036,-0.29586666666666667,0.17026000000000002
VENHQS1QNS1BNzMzOmxnZ190Y2dhX3Bhbl9jYW5fYXRsYXNfMjAxOA,-0.6808666666666667,-1.0958833333333333,-1.0802999999999998,-0.531,-0.195075,-0.36014,-0.43332000000000004,-0.5106999999999999,0.41064000000000006,-0.7921333333333332,-1.11666
VENHQS1QNS1BNzdXOmxnZ190Y2dhX3Bhbl9jYW5fYXRsYXNfMjAxOA,-0.6781666666666667,-0.7518666666666666,-0.37084,-0.29506000000000004,-0.03940000000000002,-0.80024,-1.0083199999999999,-1.0017600000000002,-0.8276000000000001,-0.87715,-0.90762
VENHQS1QNS1BNzdYOmxnZ190Y2dhX3Bhbl9jYW5fYXRsYXNfMjAxOA,-0.24221666666666672,-0.9938666666666668,0.35240000000000005,-0.44358000000000003,-0.61015,-0.8501199999999999,-1.36,-0.76228,-1.1834000000000002,-0.30551666666666666,-1.1067
VENHQS1QNS1BNzgwOmxnZ190Y2dhX3Bhbl9jYW5fYXRsYXNfMjAxOA,0.019699999999999995,-0.24791666666666667,0.07603999999999995,0.14228000000000002,-0.12564999999999998,0.59988,0.4406,-0.008700000000000018,-0.9630599999999999,0.038850000000000016,-0.50786
VENHQS1QNS1BNzgxOmxnZ190Y2dhX3Bhbl9jYW5fYXRsYXNfMjAxOA,-0.3968666666666667,-0.8524999999999999,-0.06091999999999999,-0.43398000000000003,-1.144625,-0.5952999999999999,-0.48794000000000004,-0.42654,-0.53028,-0.03958333333333338,-0.7407799999999999
VENHQS1RSC1BNjVSOmxnZ190Y2dhX3Bhbl9jYW5fYXRsYXNfMjAxOA,-0.5730833333333334,-0.9315666666666668,0.060679999999999935,-1.0702,-0.07832500000000002,-0.035079999999999986,-0.28044,-0.74672,-0.36188,-0.29195,-0.9201599999999999
VENHQS1RSC1BNjVTOmxnZ190Y2dhX3Bhbl9jYW5fYXRsYXNfMjAxOA,-0.48229999999999995,-0.47674999999999995,-0.35794000000000004,-0.60504,0.5444,-0.9894200000000002,-0.14528,-0.19996,0.5500999999999999,-0.19149999999999998,-0.6056000000000001
VENHQS1RSC1BNjVWOmxnZ190Y2dhX3Bhbl9jYW5fYXRsYXNfMjAxOA,-1.1482333333333334,-0.8891833333333333,-0.54132,-0.6307,-0.8711,-0.2913,-0.5779399999999999,-0.6833400000000001,-0.13376,-0.7140000000000001,-0.74854
VENHQS1RSC1BNjVYOmxnZ190Y2dhX3Bhbl9jYW5fYXRsYXNfMjAxOA,0.9055,-0.28078333333333333,-0.025380000000000003,0.9073800000000001,0.758475,0.06326000000000005,-0.17406000000000002,-0.6275000000000001,-1.0931000000000002,-0.2422,-0.28764
VENHQS1RSC1BNjVaOmxnZ190Y2dhX3Bhbl9jYW5fYXRsYXNfMjAxOA,-0.4575166666666666,-1.2146166666666667,-0.48661999999999994,-1.5388600000000001,-0.7510249999999999,-0.41976,-1.499,-0.65838,-0.79468,-0.37768333333333337,-0.96146
VENHQS1RSC1BNkNTOmxnZ190Y2dhX3Bhbl9jYW5fYXRsYXNfMjAxOA,-0.8110500000000002,-0.7977333333333334,-0.49266000000000004,-1.2380200000000001,-1.165325,-0.42796,-0.25026000000000004,-0.06830000000000006,-0.2452,-0.25375,-0.68686
VENHQS1RSC1BNkNVOmxnZ190Y2dhX3Bhbl9jYW5fYXRsYXNfMjAxOA,-0.45836666666666664,-0.6296166666666667,-0.3902,-1.18072,-0.448025,-0.19304,0.174,-0.5466200000000001,-0.25146,0.5301666666666667,-0.6955
VENHQS1RSC1BNkNWOmxnZ190Y2dhX3Bhbl9jYW5fYXRsYXNfMjAxOA,0.24588333333333337,-0.31255000000000005,-0.42248,-0.53994,0.058849999999999986,0.26486,-0.058440000000000006,0.7142,0.19027999999999998,0.15581666666666663,0.16768
VENHQS1RSC1BNkNXOmxnZ190Y2dhX3Bhbl9jYW5fYXRsYXNfMjAxOA,-0.8919000000000001,0.259,-0.26244,-1.0705,0.6653,0.69488,0.47664,0.21930000000000005,-0.32472,0.47479999999999994,-0.99888
VENHQS1RSC1BNkNYOmxnZ190Y2dhX3Bhbl9jYW5fYXRsYXNfMjAxOA,0.30033333333333334,-0.43534999999999996,-0.7884399999999999,-0.28053999999999996,-0.18167499999999998,-0.38356,-0.022579999999999954,-0.7779,0.5822200000000001,-0.59885,-0.34079999999999994
VENHQS1RSC1BNkNZOmxnZ190Y2dhX3Bhbl9jYW5fYXRsYXNfMjAxOA,-0.13135,-1.0569833333333334,-0.34712,-0.7997,-0.19519999999999998,0.16194,-0.9143000000000001,-0.5941599999999999,-0.7365,-0.6244666666666666,-0.67882
VENHQS1RSC1BNkNaOmxnZ190Y2dhX3Bhbl9jYW5fYXRsYXNfMjAxOA,-0.5229666666666667,-0.8422666666666666,-0.7458199999999999,-0.5286,-1.1877250000000001,-0.11599999999999999,-0.73026,-1.1265399999999999,-0.9012800000000001,-0.7557,-1.1263999999999998
VENHQS1RSC1BNlg0OmxnZ190Y2dhX3Bhbl9jYW5fYXRsYXNfMjAxOA,-1.14675,-1.2893833333333333,-0.63594,-0.49984,-1.1258249999999999,-1.32156,-1.15734,-0.6743,-1.33818,-0.8937333333333334,-1.2437600000000002
VENHQS1RSC1BNlg1OmxnZ190Y2dhX3Bhbl9jYW5fYXRsYXNfMjAxOA,-0.5334833333333333,-1.3723166666666666,-0.29488,-0.57306,-0.581975,-0.36382000000000003,-1.04756,-0.39513999999999994,-0.24262,-0.16848333333333335,-0.67474
VENHQS1RSC1BNlg4OmxnZ190Y2dhX3Bhbl9jYW5fYXRsYXNfMjAxOA,-0.8052333333333332,-0.8791666666666665,-0.43549999999999994,-0.34172,-0.97335,-0.6897800000000001,-0.12846,-0.65054,-0.20726,-0.11191666666666666,-1.1168
VENHQS1RSC1BNlg5OmxnZ190Y2dhX3Bhbl9jYW5fYXRsYXNfMjAxOA,-0.6690666666666667,-1.1843833333333333,-0.7814399999999999,-0.98612,-0.728,-0.45978,-0.37354000000000004,-0.09684000000000001,-0.5263199999999999,-0.4536666666666666,-1.23394
VENHQS1RSC1BNlgzOmxnZ190Y2dhX3Bhbl9jYW5fYXRsYXNfMjAxOA,-0.5522333333333334,-0.7653333333333333,-0.36898,-0.94992,-0.794675,0.36111999999999994,0.46281999999999995,-0.21595999999999999,-1.10294,0.21743333333333337,-0.55054
VENHQS1RSC1BNlhBOmxnZ190Y2dhX3Bhbl9jYW5fYXRsYXNfMjAxOA,-0.6413833333333333,-0.7949333333333334,-0.3,-1.21982,-0.574425,-0.09617999999999997,-0.11272,-0.07588,-0.72478,-0.04245000000000002,-1.12266
VENHQS1RSC1BNlhDOmxnZ190Y2dhX3Bhbl9jYW5fYXRsYXNfMjAxOA,-0.3511333333333333,-0.5889000000000001,-0.5077399999999999,-0.15846,-0.46142500000000003,1.18096,-0.5181,-0.37356,-0.8144399999999999,-0.5789166666666666,0.17486000000000002
VENHQS1RSC1BODZYOmxnZ190Y2dhX3Bhbl9jYW5fYXRsYXNfMjAxOA,0.0005666666666666667,-0.22995000000000002,0.19924000000000003,-0.5801999999999999,-0.727675,-0.04556,-0.03424000000000001,-0.7055999999999999,-0.44984,0.19868333333333332,-0.8758999999999999
VENHQS1RSC1BODcwOmxnZ190Y2dhX3Bhbl9jYW5fYXRsYXNfMjAxOA,-0.8916499999999999,-1.1954500000000001,-0.7736799999999999,-1.1805600000000003,-0.44185,-0.5112399999999999,-0.46778000000000003,0.11568,-0.9508399999999998,-0.3393166666666667,-0.9572799999999999
VENHQS1SOC1BNk1LOmxnZ190Y2dhX3Bhbl9jYW5fYXRsYXNfMjAxOA,-1.2663333333333333,-1.0150000000000001,-0.87306,-0.9026799999999999,-0.8569000000000001,-0.7546,-0.87682,-0.23814000000000002,-0.59588,-0.6428166666666667,-0.8193599999999999
VENHQS1SOC1BNk1MOmxnZ190Y2dhX3Bhbl9jYW5fYXRsYXNfMjAxOA,0.12261666666666667,-0.8810666666666666,0.04808000000000001,-0.4321999999999999,-0.8246749999999999,-1.08906,-0.83582,-0.9239,-1.7193,-0.7818833333333334,-0.86862
VENHQS1SOC1BNk1POmxnZ190Y2dhX3Bhbl9jYW5fYXRsYXNfMjAxOA,0.3294,-0.5556666666666666,0.31492,-0.18046,-0.2925,-0.8254400000000001,-0.24356,-0.39668000000000003,-0.6529,-0.2812,-0.54514
VENHQS1SOC1BNllIOmxnZ190Y2dhX3Bhbl9jYW5fYXRsYXNfMjAxOA,-1.3526666666666667,-0.9190166666666667,-0.86258,-1.21482,-0.011775000000000008,-0.017000000000000036,0.39554,-0.48748,-0.7005,-0.9023833333333332,-1.2428
VENHQS1SWS1BODNYOmxnZ190Y2dhX3Bhbl9jYW5fYXRsYXNfMjAxOA,-1.0123833333333332,-1.1235,-0.57944,-1.4197400000000002,-0.43605000000000005,-0.9696199999999999,-0.70082,-0.7678,-0.8180999999999999,-0.7033499999999999,-1.3683
VENHQS1SWS1BODNZOmxnZ190Y2dhX3Bhbl9jYW5fYXRsYXNfMjAxOA,0.4371833333333333,-0.8036833333333333,-0.26066,-0.41104,-0.38547500000000007,-0.83346,0.005319999999999991,-0.48948,-0.70426,0.2494166666666667,-0.72478
VENHQS1SWS1BODNaOmxnZ190Y2dhX3Bhbl9jYW5fYXRsYXNfMjAxOA,-0.7046999999999999,-0.98995,-0.18500000000000005,-1.2693999999999999,0.6471,-0.52514,-0.19694000000000003,-0.36368,0.98804,-0.54055,-1.0553
VENHQS1SWS1BODQ1OmxnZ190Y2dhX3Bhbl9jYW5fYXRsYXNfMjAxOA,-1.3381166666666668,-0.9660833333333333,-0.26625999999999994,-0.90768,-0.4377,-0.53502,-0.04456000000000001,0.12488000000000002,-0.16620000000000001,-0.3355166666666667,-0.7482399999999999
VENHQS1SWS1BODQ3OmxnZ190Y2dhX3Bhbl9jYW5fYXRsYXNfMjAxOA,-0.008383333333333335,-0.163,-0.15164,-0.6184,-0.9515499999999999,0.29138,0.06175999999999997,0.75226,-0.42863999999999997,0.49653333333333327,-0.29638
VENHQS1SWS1BODQwOmxnZ190Y2dhX3Bhbl9jYW5fYXRsYXNfMjAxOA,-0.9553833333333334,-1.1508,-0.41864,-0.38992,-0.570925,-0.98242,-0.4349,-1.05636,-0.6631,-1.1923,-0.93596
VENHQS1SWS1BODQzOmxnZ190Y2dhX3Bhbl9jYW5fYXRsYXNfMjAxOA,-0.8117333333333333,-0.8746166666666667,-0.046339999999999985,-0.73018,-0.07252500000000002,-0.24838000000000005,0.12206000000000002,0.12085999999999997,-0.7186600000000001,-0.3102166666666667,-0.8051
VENHQS1TOS1BN0lROmxnZ190Y2dhX3Bhbl9jYW5fYXRsYXNfMjAxOA,-0.58575,-1.2869666666666666,-0.02999999999999998,-1.3879000000000001,-1.0149750000000002,-0.23834,-1.1517199999999999,-1.0295,-0.8718,-0.5921,-1.32106
VENHQS1TOS1BN0lTOmxnZ190Y2dhX3Bhbl9jYW5fYXRsYXNfMjAxOA,-0.08603333333333335,-0.32915000000000005,-0.8371000000000001,-0.9541000000000001,-0.0377,0.06887999999999998,-0.49872000000000005,-0.9476000000000001,0.09532000000000002,-0.21356666666666668,0.05074000000000003
VENHQS1TOS1BN0lYOmxnZ190Y2dhX3Bhbl9jYW5fYXRsYXNfMjAxOA,0.6648666666666667,0.15151666666666666,0.4245,0.19679999999999995,0.044674999999999965,0.9588800000000001,0.31366,0.33174000000000003,0.78308,0.3988166666666666,-0.07786
VENHQS1TOS1BN0lZOmxnZ190Y2dhX3Bhbl9jYW5fYXRsYXNfMjAxOA,0.22383333333333333,-0.21053333333333335,-0.14465999999999996,-0.72068,-0.0006250000000000283,0.03749999999999999,0.63866,0.06312000000000004,1.43886,0.3975166666666667,-0.52834
VENHQS1TOS1BN0laOmxnZ190Y2dhX3Bhbl9jYW5fYXRsYXNfMjAxOA,-0.17078333333333331,-0.5591833333333334,0.32189999999999996,-0.9304,-0.39532500000000004,-0.14485999999999996,-0.06749999999999998,0.30701999999999996,-0.71562,0.16203333333333333,-0.38311999999999996
VENHQS1TOS1BN0owOmxnZ190Y2dhX3Bhbl9jYW5fYXRsYXNfMjAxOA,-0.9868,-0.82605,-0.5388200000000001,-0.40650000000000003,-0.8815000000000001,-0.6481000000000001,-0.15232,-0.20714000000000005,-0.55828,-0.002750000000000049,-0.64022
VENHQS1TOS1BN0oxOmxnZ190Y2dhX3Bhbl9jYW5fYXRsYXNfMjAxOA,-0.43545000000000006,-0.04358333333333334,-0.07258,-0.85484,-0.7859,-0.27375999999999995,-0.041839999999999995,-0.15489999999999998,-0.24318,0.14036666666666667,-0.3038
VENHQS1TOS1BN0oyOmxnZ190Y2dhX3Bhbl9jYW5fYXRsYXNfMjAxOA,-0.6348166666666667,-1.0406833333333334,-1.06602,-1.3187,-0.506175,-0.19435999999999998,-0.7417,-0.9049799999999999,-0.20983999999999997,-0.8966833333333333,-1.19682
VENHQS1TOS1BN0ozOmxnZ190Y2dhX3Bhbl9jYW5fYXRsYXNfMjAxOA,-0.42015,-0.7458999999999999,-0.15462,-0.6138600000000001,-0.34857499999999997,0.05404000000000002,0.010099999999999987,-0.24913999999999997,0.41015999999999997,0.23460000000000003,-0.5439
VENHQS1TOS1BN1FXOmxnZ190Y2dhX3Bhbl9jYW5fYXRsYXNfMjAxOA,-1.0784333333333331,-1.2048333333333334,-0.8029399999999999,-1.3099200000000002,-1.039675,-0.45153999999999994,-0.9212199999999999,-0.67154,-0.8922799999999999,-0.7405,-0.9603999999999999
VENHQS1TOS1BN1FYOmxnZ190Y2dhX3Bhbl9jYW5fYXRsYXNfMjAxOA,-1.0005333333333333,-0.5399666666666666,-0.43954000000000004,-1.28126,-0.12165000000000001,-1.01788,-0.13376000000000002,-0.03204000000000003,-0.41252000000000005,-0.23053333333333334,-1.0915
VENHQS1TOS1BN1FZOmxnZ190Y2dhX3Bhbl9jYW5fYXRsYXNfMjAxOA,-0.3303833333333333,-0.94095,-0.40214,-0.019099999999999995,-0.986325,-0.5176200000000001,-0.91092,-0.57962,-1.06508,-0.3875166666666667,-0.83348
VENHQS1TOS1BN1FaOmxnZ190Y2dhX3Bhbl9jYW5fYXRsYXNfMjAxOA,-0.45365000000000005,-0.9515500000000001,0.30976000000000004,-0.24468,-0.5428999999999999,-0.27928000000000003,-0.88548,-0.62146,-1.23098,-0.3760333333333333,-0.9266400000000001
VENHQS1TOS1BN1I0OmxnZ190Y2dhX3Bhbl9jYW5fYXRsYXNfMjAxOA,-0.9438666666666666,-0.47703333333333325,-0.15156,-0.69716,-0.10089999999999998,0.32266,0.8917999999999999,0.88078,0.0017799999999999817,0.3848,-0.16836
VENHQS1TOS1BN1I3OmxnZ190Y2dhX3Bhbl9jYW5fYXRsYXNfMjAxOA,0.5088499999999999,0.5729666666666667,0.50658,0.48406000000000005,0.30855000000000005,-0.2213,0.99314,0.6171200000000001,1.3630400000000003,0.4612166666666668,0.32952000000000004
VENHQS1TOS1BN1I4OmxnZ190Y2dhX3Bhbl9jYW5fYXRsYXNfMjAxOA,-1.4605666666666666,-0.5866833333333333,0.5831800000000001,-0.7182999999999999,-0.800975,-1.02016,0.99634,0.13164000000000003,-0.21698000000000003,0.11435000000000002,-0.59562
VENHQS1TOS1BN1IxOmxnZ190Y2dhX3Bhbl9jYW5fYXRsYXNfMjAxOA,-0.6817666666666667,-0.5029333333333333,-0.26049999999999995,-0.5086600000000001,-0.205575,-0.0014000000000000234,-0.5581799999999999,-0.9138999999999999,0.1881,-0.02538333333333333,-0.61968
VENHQS1TOS1BN1IyOmxnZ190Y2dhX3Bhbl9jYW5fYXRsYXNfMjAxOA,1.9570666666666667,1.34945,0.6717799999999999,0.09437999999999999,0.824025,0.16122,0.3733,0.7034,0.30545999999999995,1.2277833333333332,0.0011199999999999654
VENHQS1TOS1BN1IzOmxnZ190Y2dhX3Bhbl9jYW5fYXRsYXNfMjAxOA,0.01776666666666668,-0.40795,-0.29880000000000007,-0.40018000000000004,0.1219,0.2875799999999999,0.8891199999999999,0.61096,0.6878599999999999,0.14798333333333333,-0.73308
VENHQS1TOS1BNlRTOmxnZ190Y2dhX3Bhbl9jYW5fYXRsYXNfMjAxOA,-0.6356999999999999,-0.37346666666666667,-0.0033199999999999896,0.05049999999999997,-0.0353,-0.26342000000000004,0.5585000000000001,1.00704,-0.2552,0.06,-0.54308
VENHQS1TOS1BNlRVOmxnZ190Y2dhX3Bhbl9jYW5fYXRsYXNfMjAxOA,-0.3087666666666667,-0.1622,-0.70674,-0.62786,0.353825,0.5388999999999999,0.55264,0.51622,0.30066000000000004,0.2178166666666667,-0.55812
VENHQS1TOS1BNlRWOmxnZ190Y2dhX3Bhbl9jYW5fYXRsYXNfMjAxOA,0.7788999999999998,0.5588333333333333,0.6051400000000001,1.5134800000000002,0.9248500000000001,0.6304000000000001,1.0710600000000001,-0.29813999999999996,1.2976400000000001,0.7588333333333334,1.9164
VENHQS1TOS1BNlRXOmxnZ190Y2dhX3Bhbl9jYW5fYXRsYXNfMjAxOA,0.9586,0.44930000000000003,-0.05998,0.45712,1.84755,0.14892,0.07052,-0.5591200000000001,-0.03250000000000001,-0.46223333333333344,-0.39838
VENHQS1TOS1BNlRYOmxnZ190Y2dhX3Bhbl9jYW5fYXRsYXNfMjAxOA,-0.4205833333333333,-0.6611833333333333,-0.76574,-0.57286,-0.5667,-0.83988,-0.31884,-0.5609400000000001,-0.5384800000000001,-0.4020333333333333,-1.00194
VENHQS1TOS1BNlRZOmxnZ190Y2dhX3Bhbl9jYW5fYXRsYXNfMjAxOA,-0.9971333333333332,-1.4148499999999997,-0.016100000000000014,-1.0872000000000002,-1.12765,-1.04606,-1.3435400000000002,-1.0181,-1.2744600000000001,-0.7668499999999999,-1.2138000000000002
VENHQS1TOS1BNlRaOmxnZ190Y2dhX3Bhbl9jYW5fYXRsYXNfMjAxOA,0.07753333333333332,0.16581666666666664,-0.08874,-0.65256,1.4509999999999998,-0.10949999999999993,0.55496,0.57926,0.24318,0.04964999999999997,0.23094000000000006
VENHQS1TOS1BNlU1OmxnZ190Y2dhX3Bhbl9jYW5fYXRsYXNfMjAxOA,1.5904499999999997,0.8063666666666666,0.27116,0.53096,0.23774999999999996,-0.24497999999999998,-0.29264,1.7829000000000002,-0.42072000000000004,0.5401666666666666,0.6788399999999999
VENHQS1TOS1BNlU2OmxnZ190Y2dhX3Bhbl9jYW5fYXRsYXNfMjAxOA,-0.6861166666666666,-0.8157666666666668,-0.10364,-1.16256,-0.36224999999999996,0.46075999999999995,0.24003999999999995,-0.2481,0.022339999999999995,0.028349999999999986,-0.7859
VENHQS1TOS1BNlU4OmxnZ190Y2dhX3Bhbl9jYW5fYXRsYXNfMjAxOA,-1.1185166666666666,-0.7306333333333334,-0.29416,-0.9848399999999999,-0.13985,-0.21336,0.41614000000000007,0.025140000000000023,-0.48376,0.3104833333333333,-0.8709199999999999
VENHQS1TOS1BNlU5OmxnZ190Y2dhX3Bhbl9jYW5fYXRsYXNfMjAxOA,0.2924166666666666,0.47198333333333325,-0.026239999999999996,-0.44749999999999995,0.530475,0.25846,1.22304,0.5090600000000001,0.23347999999999997,0.8280333333333333,-0.6952200000000001
VENHQS1TOS1BNlUwOmxnZ190Y2dhX3Bhbl9jYW5fYXRsYXNfMjAxOA,2.3714,2.1371499999999997,0.72956,1.74936,0.7398000000000001,1.20256,0.6776,0.67388,0.7691399999999999,1.06545,1.23214
VENHQS1TOS1BNlUxOmxnZ190Y2dhX3Bhbl9jYW5fYXRsYXNfMjAxOA,-0.55805,-0.4272666666666667,-0.7089000000000001,-1.08968,-0.502375,-0.40628000000000003,0.21576000000000004,-0.12235999999999998,0.26726,-0.26610000000000006,-1.03586
VENHQS1TOS1BNlUyOmxnZ190Y2dhX3Bhbl9jYW5fYXRsYXNfMjAxOA,-0.3699666666666667,-0.36443333333333333,-0.23196000000000003,-0.96136,-0.27305,0.25329999999999997,-0.6378600000000001,0.0455,-0.24372,0.2942166666666666,-0.6811
VENHQS1TOS1BNlVBOmxnZ190Y2dhX3Bhbl9jYW5fYXRsYXNfMjAxOA,2.19415,2.0700166666666666,0.9249400000000001,1.1070600000000002,1.142075,0.5421199999999999,1.6766599999999996,0.76368,1.50878,1.4693833333333333,1.22968
VENHQS1TOS1BNlVCOmxnZ190Y2dhX3Bhbl9jYW5fYXRsYXNfMjAxOA,-0.6680666666666667,-1.2473333333333334,-0.50716,-0.72072,-1.2996750000000001,-0.81064,-1.49298,-1.00014,-1.8915000000000002,-0.8871499999999998,-1.2816
VENHQS1TOS1BNldEOmxnZ190Y2dhX3Bhbl9jYW5fYXRsYXNfMjAxOA,-0.5405166666666666,-0.5989833333333333,-0.38874000000000003,-0.8785399999999999,-0.6328,-0.41396,-0.71004,-0.5448000000000001,-1.11398,-0.4166666666666667,-0.68272
VENHQS1TOS1BNldFOmxnZ190Y2dhX3Bhbl9jYW5fYXRsYXNfMjAxOA,-0.23581666666666665,-0.7880833333333332,-0.7707399999999999,-0.6412800000000001,-1.0680999999999998,-1.1243199999999998,0.008440000000000003,-0.47539999999999993,-0.30872,-0.79635,-1.11456
VENHQS1TOS1BNldHOmxnZ190Y2dhX3Bhbl9jYW5fYXRsYXNfMjAxOA,1.4126333333333336,1.5292666666666666,0.25512000000000007,0.8873,2.03815,0.8423999999999999,1.0305,1.32614,2.30536,1.1546,0.23314000000000004
VENHQS1TOS1BNldIOmxnZ190Y2dhX3Bhbl9jYW5fYXRsYXNfMjAxOA,-0.5445000000000001,-1.1006333333333334,-0.16254000000000005,-0.9890599999999999,-0.795625,-0.5435000000000001,-0.41075999999999996,-0.94748,0.54046,-0.8535833333333334,-1.09104
VENHQS1TOS1BNldJOmxnZ190Y2dhX3Bhbl9jYW5fYXRsYXNfMjAxOA,-0.11575000000000002,-0.8659666666666667,-0.16153999999999993,-0.61898,-0.5720000000000001,0.38578,-1.04968,-0.7652,-1.1298,-0.5092,-0.8978999999999999
VENHQS1TOS1BNldMOmxnZ190Y2dhX3Bhbl9jYW5fYXRsYXNfMjAxOA,-0.6930166666666667,-0.33293333333333336,0.25603999999999993,-0.29386,-0.902725,-0.8356999999999999,-0.29226,-0.26446000000000003,-0.48057999999999995,-0.21306666666666665,-0.67838
VENHQS1TOS1BNldNOmxnZ190Y2dhX3Bhbl9jYW5fYXRsYXNfMjAxOA,0.637,-0.16526666666666667,0.44302,-0.8753399999999999,0.34457499999999996,0.5229,-0.22848000000000002,-0.13796,-0.77796,0.004150000000000005,-0.037980000000000035
VENHQS1TOS1BNldOOmxnZ190Y2dhX3Bhbl9jYW5fYXRsYXNfMjAxOA,0.7142499999999999,1.1171666666666664,1.6986599999999998,-0.39322,0.62635,-0.18168,0.6560599999999999,1.05722,0.61832,1.9060666666666668,0.8296399999999998
VENHQS1TOS1BNldPOmxnZ190Y2dhX3Bhbl9jYW5fYXRsYXNfMjAxOA,-0.5996833333333333,-0.42261666666666664,-0.89528,-0.8889799999999999,0.0197,0.25582000000000005,0.35200000000000004,0.27156000000000013,0.8209799999999999,-0.09611666666666667,-0.82752
VENHQS1TOS1BNldQOmxnZ190Y2dhX3Bhbl9jYW5fYXRsYXNfMjAxOA,0.74785,0.08411666666666671,-0.33702,0.55748,0.2191,-0.40362,-0.041999999999999996,0.21036000000000005,0.09416000000000001,0.09555000000000001,-0.30166000000000004
VENHQS1TOS1BNldROmxnZ190Y2dhX3Bhbl9jYW5fYXRsYXNfMjAxOA,-0.14211666666666667,-0.5219,-0.5986800000000001,0.0954,0.04214999999999999,-0.6138199999999999,0.40406,0.4074999999999999,0.66448,-0.07119999999999999,-0.5852
VENHQS1TOS1BODlWOmxnZ190Y2dhX3Bhbl9jYW5fYXRsYXNfMjAxOA,0.2044,0.04741666666666666,-0.03219999999999999,-0.43068,-0.354925,0.28936000000000006,-0.23183999999999996,0.04823999999999995,-0.36749999999999994,0.34156666666666674,-0.37304
VENHQS1TOS1BODlaOmxnZ190Y2dhX3Bhbl9jYW5fYXRsYXNfMjAxOA,0.7720833333333333,0.18548333333333333,0.6395,0.8236199999999998,0.871875,0.29769999999999996,1.67228,0.9632200000000001,0.64936,0.5872833333333334,0.49044
VENHQS1UTS1BN0M0OmxnZ190Y2dhX3Bhbl9jYW5fYXRsYXNfMjAxOA,-0.6418666666666667,-1.0104666666666666,-0.14304,-0.7951600000000001,-1.0928,-0.34186,-0.7426,-0.47942,-1.59534,-0.4981500000000001,-1.03678
VENHQS1UTS1BN0M1OmxnZ190Y2dhX3Bhbl9jYW5fYXRsYXNfMjAxOA,-0.08068333333333333,-0.3934333333333333,-0.6538,-0.48263999999999996,-0.7918000000000001,0.19655999999999998,-1.1492799999999999,-0.7250800000000001,-0.6710800000000001,-0.8221166666666666,-0.78914
VENHQS1UTS1BN0MzOmxnZ190Y2dhX3Bhbl9jYW5fYXRsYXNfMjAxOA,0.6812166666666667,0.007133333333333343,0.15514,0.19032000000000004,0.2073,1.0157,-0.7620800000000001,-0.56576,-0.7111400000000001,-0.2885166666666667,-0.12812
VENHQS1UTS1BN0NBOmxnZ190Y2dhX3Bhbl9jYW5fYXRsYXNfMjAxOA,-0.8652500000000001,-1.00825,-0.9151200000000002,-1.319,-0.7279249999999999,-0.48740000000000006,-0.10108000000000002,-0.09742000000000002,-0.92222,-0.7393833333333334,-1.0528199999999999
VENHQS1UTS1BN0NGOmxnZ190Y2dhX3Bhbl9jYW5fYXRsYXNfMjAxOA,-0.8854000000000001,-1.2030166666666666,-0.19427999999999998,-0.92304,-0.9602250000000001,-0.5359,-0.82066,-0.43142,-0.9986200000000001,-0.6485,-0.9168
VENHQS1UTS1BODRCOmxnZ190Y2dhX3Bhbl9jYW5fYXRsYXNfMjAxOA,0.8220500000000001,0.6489666666666666,0.51942,-0.19568000000000002,0.06372499999999998,-0.02306000000000008,-0.8471,-0.33172000000000007,-1.2026800000000002,0.2861666666666667,-0.012360000000000005
VENHQS1UTS1BODRDOmxnZ190Y2dhX3Bhbl9jYW5fYXRsYXNfMjAxOA,-0.3875666666666666,-0.16666666666666666,-0.5095599999999999,0.14032000000000006,-0.11965,0.3073,-0.36576,-0.1588,0.45016,-0.022533333333333332,0.2338
VENHQS1UTS1BODRGOmxnZ190Y2dhX3Bhbl9jYW5fYXRsYXNfMjAxOA,2.27275,1.7661499999999999,1.8619800000000002,0.21452000000000004,1.271675,1.9775199999999997,0.9536999999999999,1.2995999999999999,0.5398400000000001,1.9902666666666666,2.90198
VENHQS1UTS1BODRHOmxnZ190Y2dhX3Bhbl9jYW5fYXRsYXNfMjAxOA,-0.9488166666666666,-1.20235,-0.24286000000000002,-0.2535,-1.266975,-0.57926,-1.3795000000000002,-1.7307,-1.4483,-0.8779166666666667,-0.8406800000000001
VENHQS1UTS1BODRIOmxnZ190Y2dhX3Bhbl9jYW5fYXRsYXNfMjAxOA,-0.8975833333333333,-0.9415833333333333,-0.5564,-1.4140000000000001,-0.8314250000000001,-0.59072,0.42374,-0.16088,-0.74668,-0.17289999999999997,-1.0705399999999998
VENHQS1UTS1BODRJOmxnZ190Y2dhX3Bhbl9jYW5fYXRsYXNfMjAxOA,0.09736666666666664,-0.4994166666666667,-0.33768,-0.8968399999999999,-0.674575,-0.09541999999999998,0.04709999999999999,-0.75148,-0.46528,-0.21478333333333333,-0.31689999999999996
VENHQS1UTS1BODRKOmxnZ190Y2dhX3Bhbl9jYW5fYXRsYXNfMjAxOA,-0.42078333333333345,-0.7924833333333333,-0.19801999999999997,-0.87998,-0.7750250000000001,-0.3624,-0.28586000000000006,-1.02302,-0.42294,-1.0555666666666668,-0.8606400000000001
VENHQS1UTS1BODRMOmxnZ190Y2dhX3Bhbl9jYW5fYXRsYXNfMjAxOA,0.2941000000000001,-0.33890000000000003,-0.31693999999999994,-0.6006,0.270875,0.80496,0.69712,0.56088,0.6569,0.7258833333333333,-0.5184599999999999
VENHQS1UTS1BODRNOmxnZ190Y2dhX3Bhbl9jYW5fYXRsYXNfMjAxOA,-1.1695666666666666,-1.1602999999999999,0.26754,-1.3685000000000003,-1.2004000000000001,-0.5069199999999999,-0.15325999999999995,-1.0725,-1.9079599999999999,-0.6159833333333333,-0.8368
VENHQS1UTS1BODRPOmxnZ190Y2dhX3Bhbl9jYW5fYXRsYXNfMjAxOA,0.40736666666666665,-0.4562833333333334,-0.34903999999999996,-0.4652200000000001,0.683825,-0.4459599999999999,-0.25714000000000004,0.12456,-0.7656200000000001,-0.22331666666666664,-0.5015599999999999
VENHQS1UTS1BODRROmxnZ190Y2dhX3Bhbl9jYW5fYXRsYXNfMjAxOA,-0.05960000000000001,0.17013333333333328,0.08530000000000001,-0.043360000000000024,0.41675,-0.006679999999999975,0.55748,0.1182,0.7186999999999999,0.09001666666666668,-0.04744000000000002
VENHQS1UTS1BODRSOmxnZ190Y2dhX3Bhbl9jYW5fYXRsYXNfMjAxOA,-0.20565000000000003,-0.9170833333333334,0.08492000000000002,-0.6404799999999999,0.08935,-0.43316,-0.90018,-1.00346,-0.42257999999999996,-0.3606,-0.89598
VENHQS1UTS1BODRTOmxnZ190Y2dhX3Bhbl9jYW5fYXRsYXNfMjAxOA,-0.048216666666666665,-0.7818333333333333,-0.79514,-0.93854,-0.7721499999999999,-0.41663999999999995,-0.5896600000000001,-0.03308000000000003,-0.9409000000000001,0.09363333333333335,-0.67064
VENHQS1UTS1BODRUOmxnZ190Y2dhX3Bhbl9jYW5fYXRsYXNfMjAxOA,-0.4659,-0.4035166666666667,-0.50094,-0.4173,-0.262675,-0.5816,0.50822,0.35816,-0.6018,-0.16491666666666666,-1.02358
VENHQS1UUS1BN1JGOmxnZ190Y2dhX3Bhbl9jYW5fYXRsYXNfMjAxOA,-0.3165833333333334,-0.8447666666666667,-0.39844,-0.9487399999999999,0.5178999999999999,-0.58338,0.26864,-0.0664,-0.2883,-0.3573,-0.7764800000000001
VENHQS1UUS1BN1JHOmxnZ190Y2dhX3Bhbl9jYW5fYXRsYXNfMjAxOA,0.16178333333333336,-0.16290000000000002,-0.16233999999999998,-1.08952,-0.28005,0.16016,-0.07106000000000001,-0.17828000000000002,-0.05202000000000001,-0.05953333333333335,-0.5867199999999999
VENHQS1UUS1BN1JIOmxnZ190Y2dhX3Bhbl9jYW5fYXRsYXNfMjAxOA,0.3142833333333333,-0.11621666666666668,-0.31077999999999995,-0.46728,-0.8129249999999999,0.20248,0.71468,0.57244,0.52666,0.43658333333333327,-0.13616
VENHQS1UUS1BN1JJOmxnZ190Y2dhX3Bhbl9jYW5fYXRsYXNfMjAxOA,-0.32158333333333333,-0.5066666666666667,-0.17662000000000003,-0.43194,-0.739825,-0.9724400000000001,-0.20454,-0.5348200000000001,-0.8753400000000001,0.006133333333333306,-0.83674
VENHQS1UUS1BN1JKOmxnZ190Y2dhX3Bhbl9jYW5fYXRsYXNfMjAxOA,-0.7195,-0.5265666666666666,-0.13664000000000004,-0.99626,0.10765,-0.6615800000000001,0.7062600000000001,0.5372399999999999,-0.006259999999999988,0.045233333333333355,-0.91144
VENHQS1UUS1BN1JLOmxnZ190Y2dhX3Bhbl9jYW5fYXRsYXNfMjAxOA,-1.29935,-1.1294666666666668,-0.95462,-1.2492,-0.91335,-0.21506000000000003,-0.32586,-0.45594,-0.9532799999999998,-0.18083333333333332,-0.8122
VENHQS1UUS1BN1JNOmxnZ190Y2dhX3Bhbl9jYW5fYXRsYXNfMjAxOA,-0.8612666666666665,-1.0960166666666666,-0.6887599999999999,-0.8436999999999999,-1.141975,-1.11288,-1.06578,-1.3745999999999998,-0.81504,-1.0442499999999997,-1.04328
VENHQS1UUS1BN1JOOmxnZ190Y2dhX3Bhbl9jYW5fYXRsYXNfMjAxOA,-1.1517333333333333,-0.9591666666666668,-0.2951,-0.9796800000000001,-0.65965,-0.12654,-0.46992,-0.6874,-0.9278000000000001,-0.40714999999999996,-0.8739800000000001
VENHQS1UUS1BN1JPOmxnZ190Y2dhX3Bhbl9jYW5fYXRsYXNfMjAxOA,0.023050000000000005,-0.44928333333333326,-0.15392,-0.28865999999999997,-0.7217,-0.34064,-0.16918000000000005,-0.6396400000000001,-1.12082,-0.1611,-0.37248000000000003
VENHQS1UUS1BN1JQOmxnZ190Y2dhX3Bhbl9jYW5fYXRsYXNfMjAxOA,0.6746500000000001,-0.05951666666666671,0.08932000000000002,-0.5117200000000001,0.017550000000000014,0.07941999999999998,0.1539,0.3727,-0.17352000000000004,0.18008333333333337,-0.34784000000000004
VENHQS1UUS1BN1JROmxnZ190Y2dhX3Bhbl9jYW5fYXRsYXNfMjAxOA,-0.6549166666666667,-0.8250333333333334,-0.05669999999999997,-1.13672,-1.0977999999999999,-0.006800000000000051,-0.93,-1.1253600000000001,-1.35804,-0.44284999999999997,-1.2821000000000002
VENHQS1UUS1BN1JSOmxnZ190Y2dhX3Bhbl9jYW5fYXRsYXNfMjAxOA,-0.42983333333333335,-0.4602,-0.5081,-0.60178,-0.35255,-0.26922,-0.24644000000000005,0.21592000000000003,-0.1536,-0.13698333333333335,-0.67164
VENHQS1UUS1BN1JTOmxnZ190Y2dhX3Bhbl9jYW5fYXRsYXNfMjAxOA,-1.2844499999999999,-1.2341166666666668,-0.7958000000000001,-1.01058,-0.8543000000000001,-1.08862,-1.069,-0.9696,-1.47202,-0.6645,-1.32184
VENHQS1UUS1BN1JVOmxnZ190Y2dhX3Bhbl9jYW5fYXRsYXNfMjAxOA,-0.23023333333333337,-0.7258,-0.87806,-1.0538399999999999,-0.21052500000000002,-0.8868,-0.84946,-0.9500800000000001,-0.25566000000000005,-1.0022833333333334,-1.0444999999999998
VENHQS1UUS1BN1JWOmxnZ190Y2dhX3Bhbl9jYW5fYXRsYXNfMjAxOA,-0.4827333333333333,-1.0433000000000001,-0.7333999999999999,-0.548,-0.5554500000000001,-0.64118,-0.49806,-0.09632000000000002,-0.8182600000000001,-0.85455,-0.94858
VENHQS1UUS1BN1JXOmxnZ190Y2dhX3Bhbl9jYW5fYXRsYXNfMjAxOA,0.28623333333333334,0.14746666666666666,0.18856,-0.93986,-0.708525,0.42318000000000006,0.63862,1.60414,-0.16352000000000003,0.2637833333333333,0.17484000000000002
VENHQS1UUS1BOFhFOmxnZ190Y2dhX3Bhbl9jYW5fYXRsYXNfMjAxOA,-1.1347500000000001,-1.04905,-0.21389999999999998,-1.10864,-0.722175,0.03834000000000002,0.21140000000000003,-0.12776000000000004,-0.03917999999999999,-0.7810833333333332,-0.9831800000000002
VENHQS1WTS1BOEM4OmxnZ190Y2dhX3Bhbl9jYW5fYXRsYXNfMjAxOA,-0.91845,-0.7071333333333333,-0.63644,-0.85612,-0.74805,-1.03722,0.74782,0.29028,0.030099999999999995,-0.4126666666666667,-0.78422
VENHQS1WTS1BOEM5OmxnZ190Y2dhX3Bhbl9jYW5fYXRsYXNfMjAxOA,2.0418166666666666,0.5616333333333333,-0.27990000000000004,-0.12962,1.7712750000000002,-0.40076,0.72916,0.9657800000000002,0.68872,-0.09971666666666672,0.29446000000000006
VENHQS1WTS1BOENBOmxnZ190Y2dhX3Bhbl9jYW5fYXRsYXNfMjAxOA,0.6970999999999999,-0.9054166666666666,-0.06277999999999997,0.8575799999999999,-0.14567500000000003,0.34192,0.10518000000000001,-0.11934,1.04402,-0.4078833333333333,-0.35508000000000006
VENHQS1WTS1BOENCOmxnZ190Y2dhX3Bhbl9jYW5fYXRsYXNfMjAxOA,-0.4070000000000001,-0.9254166666666667,-0.53596,-0.59946,0.03055000000000002,-0.19161999999999996,-1.15214,-1.34926,0.17228,-1.18205,-0.9072799999999999
VENHQS1WTS1BOENEOmxnZ190Y2dhX3Bhbl9jYW5fYXRsYXNfMjAxOA,0.3293,-0.21141666666666667,0.012880000000000025,-0.42246000000000006,-0.37472500000000003,0.8953199999999999,0.56498,0.15299999999999997,0.6602399999999999,0.7754333333333333,1.50444
VENHQS1WTS1BOENFOmxnZ190Y2dhX3Bhbl9jYW5fYXRsYXNfMjAxOA,-0.6476833333333333,-0.7629,-0.71216,-0.8076800000000001,-0.6718999999999999,-0.61658,-0.30185999999999996,0.11388000000000001,-0.6960200000000001,0.28935000000000005,-1.08778
VENHQS1WTS1BOENGOmxnZ190Y2dhX3Bhbl9jYW5fYXRsYXNfMjAxOA,0.11805,-0.8609666666666667,-0.77438,-0.73018,0.22199999999999998,-0.40224000000000004,0.66602,0.37752,-0.03826,0.24761666666666662,-0.51002
VENHQS1WTS1BOENIOmxnZ190Y2dhX3Bhbl9jYW5fYXRsYXNfMjAxOA,-0.4756833333333333,-0.7176,0.013380000000000036,-0.67406,-0.30295,-0.21822,0.8732199999999999,0.3866,-0.2604,0.42900000000000005,-0.43895999999999996
VENHQS1WVi1BODI5OmxnZ190Y2dhX3Bhbl9jYW5fYXRsYXNfMjAxOA,-0.4060166666666667,-0.30838333333333334,-0.29891999999999996,0.32818,-0.43315000000000003,-0.07,0.19238000000000005,0.25804000000000005,0.2800599999999999,-0.6241833333333333,-0.45204000000000005
VENHQS1WVi1BODZNOmxnZ190Y2dhX3Bhbl9jYW5fYXRsYXNfMjAxOA,0.47115,-0.20473333333333332,0.2646399999999999,0.14010000000000003,-0.09690000000000001,-0.33755999999999997,0.40536000000000005,0.31317999999999996,-0.17679999999999998,-0.1707,-0.13641999999999999
VENHQS1WVy1BN1FTOmxnZ190Y2dhX3Bhbl9jYW5fYXRsYXNfMjAxOA,-1.3376,-0.8937666666666666,-0.22118,-1.16114,-0.6666,-1.00686,0.14014000000000001,-1.1491399999999998,-0.79028,-0.5511166666666667,-0.83796
VENHQS1WVy1BOEZJOmxnZ190Y2dhX3Bhbl9jYW5fYXRsYXNfMjAxOA,0.7402166666666666,0.6559333333333334,0.5120199999999999,0.09489999999999994,0.00527500000000003,0.7066800000000001,-0.1693,0.04040000000000003,0.46236,0.9217666666666667,0.56422
VENHQS1XOS1BODM3OmxnZ190Y2dhX3Bhbl9jYW5fYXRsYXNfMjAxOA,-0.8614666666666668,-1.1319000000000001,-0.029220000000000024,-0.8239000000000001,-0.966225,-0.37608,-0.81684,-0.7624599999999999,-0.95214,-0.5792166666666667,-1.1508999999999998
VENHQS1XSC1BODZLOmxnZ190Y2dhX3Bhbl9jYW5fYXRsYXNfMjAxOA,0.10213333333333334,-0.3483833333333333,-0.31874,-0.97292,-0.46457499999999996,0.18578,0.007619999999999993,0.43289999999999995,-0.61776,-0.14350000000000002,-0.6769200000000001
VENHQS1XWS1BODU4OmxnZ190Y2dhX3Bhbl9jYW5fYXRsYXNfMjAxOA,0.41165,0.3266333333333333,0.61452,-0.44026,0.58565,0.25522,1.06676,0.85816,0.30111999999999994,0.4698333333333333,-0.40596
VENHQS1XWS1BODU5OmxnZ190Y2dhX3Bhbl9jYW5fYXRsYXNfMjAxOA,-1.1181166666666666,-1.3770666666666667,-0.03725999999999994,-1.24002,-1.1583999999999999,-0.11746000000000004,-1.0443200000000001,-0.8995200000000001,-0.6793199999999999,-0.69955,-1.2451
VENHQS1XWS1BODVBOmxnZ190Y2dhX3Bhbl9jYW5fYXRsYXNfMjAxOA,-0.46631666666666666,-0.9440333333333334,-0.39594000000000007,-0.1608,-0.87755,0.18251999999999996,-0.46114,-0.15141999999999997,-0.34387999999999996,-0.5497333333333333,-0.03170000000000002
VENHQS1XWS1BODVCOmxnZ190Y2dhX3Bhbl9jYW5fYXRsYXNfMjAxOA,0.04399999999999999,-0.09743333333333333,-0.31774,-0.35134,-0.18195,-0.38114,0.76152,0.62026,0.38392,-0.05550000000000003,-0.37307999999999997
VENHQS1XWS1BODVDOmxnZ190Y2dhX3Bhbl9jYW5fYXRsYXNfMjAxOA,-0.35946666666666666,-0.25983333333333336,-0.4184,-0.7085800000000001,0.530975,0.28657999999999995,-0.5059600000000001,-0.1376,1.15766,-0.10241666666666667,-0.6164999999999999
VENHQS1XWS1BODVEOmxnZ190Y2dhX3Bhbl9jYW5fYXRsYXNfMjAxOA,-1.0083833333333334,-0.9290666666666668,-0.67958,-1.1772,0.049675000000000004,-0.03407999999999998,0.25104000000000004,-0.07843999999999993,0.32328,-0.3193999999999999,-1.05204
VENHQS1XWS1BODVFOmxnZ190Y2dhX3Bhbl9jYW5fYXRsYXNfMjAxOA,-0.7163499999999999,-1.0598,-0.3891199999999999,-0.77498,-0.720825,0.13288,-1.22718,-0.020879999999999982,-1.48824,-0.37194999999999995,-0.51224
