Patient_ID,Cohort,Convention,BMP1_z,KIF15_z,TRAF3_z,PDGFA_z,MRG4_score,OS_months,Death
VENHQS1DUy00OTM4OmxnZ190Y2dhX3Bhbl9jYW5fYXRsYXNfMjAxOA,TCGA-LGG,cBioPortal z-score profile,-0.5725,0.0173,0.1521,-1.4197,-0.8567545016401952,117.5000822,0.0
VENHQS1DUy00OTQ0OmxnZ190Y2dhX3Bhbl9jYW5fYXRsYXNfMjAxOA,TCGA-LGG,cBioPortal z-score profile,-1.2194,-1.6535,-0.8865,0.1123,-0.8165571370739545,60.09797153,0.0
VENHQS1DUy00OTQxOmxnZ190Y2dhX3Bhbl9jYW5fYXRsYXNfMjAxOA,TCGA-LGG,cBioPortal z-score profile,0.2476,-0.2055,0.295,2.1405,0.924923774881762,7.693066377,1.0
VENHQS1DUy00OTQyOmxnZ190Y2dhX3Bhbl9jYW5fYXRsYXNfMjAxOA,TCGA-LGG,cBioPortal z-score profile,-0.449,0.3247,-0.1806,-1.039,-0.4206710442439767,43.88992997,1.0
VENHQS1DUy00OTQzOmxnZ190Y2dhX3Bhbl9jYW5fYXRsYXNfMjAxOA,TCGA-LGG,cBioPortal z-score profile,-1.9849,2.7321,-1.3234,-0.563,0.7988947832279141,36.36124536,1.0
VENHQS1DUy01Mzk0OmxnZ190Y2dhX3Bhbl9jYW5fYXRsYXNfMjAxOA,TCGA-LGG,cBioPortal z-score profile,-0.9434,0.6066,2.8529,-1.2627,-1.2465317700024339,0.263010816,0.0
VENHQS1DUy01Mzk1OmxnZ190Y2dhX3Bhbl9jYW5fYXRsYXNfMjAxOA,TCGA-LGG,cBioPortal z-score profile,0.7519,1.6401,1.1606,1.9521,1.6143964332249885,21.00798895,1.0
VENHQS1DUy01Mzk2OmxnZ190Y2dhX3Bhbl9jYW5fYXRsYXNfMjAxOA,TCGA-LGG,cBioPortal z-score profile,0.042,0.007,0.6446,2.1651,0.8989822583749238,53.62133018,0.0
VENHQS1DUy01Mzk3OmxnZ190Y2dhX3Bhbl9jYW5fYXRsYXNfMjAxOA,TCGA-LGG,cBioPortal z-score profile,-0.027,1.2546,1.4956,1.2432,0.8149788234654662,6.378012296,1.0
VENHQS1DUy01MzkwOmxnZ190Y2dhX3Bhbl9jYW5fYXRsYXNfMjAxOA,TCGA-LGG,cBioPortal z-score profile,-1.5999,1.0898,-0.2933,-0.7385,-0.19221562377358223,64.60729543,0.0
VENHQS1DUy01MzkzOmxnZ190Y2dhX3Bhbl9jYW5fYXRsYXNfMjAxOA,TCGA-LGG,cBioPortal z-score profile,-1.4031,-0.2023,1.0756,-0.3624,-0.8856608846270227,40.17490219,0.0
VENHQS1DUy02MTg2OmxnZ190Y2dhX3Bhbl9jYW5fYXRsYXNfMjAxOA,TCGA-LGG,cBioPortal z-score profile,0.3324,0.6299,-1.2164,2.3456,1.7919651553535707,17.6874774,1.0
VENHQS1DUy02MTg4OmxnZ190Y2dhX3Bhbl9jYW5fYXRsYXNfMjAxOA,TCGA-LGG,cBioPortal z-score profile,1.1382,1.1249,0.0188,0.774,1.1819826108646565,26.76135056,1.0
VENHQS1DUy02MjkwOmxnZ190Y2dhX3Bhbl9jYW5fYXRsYXNfMjAxOA,TCGA-LGG,cBioPortal z-score profile,-1.4998,-0.3282,0.1725,-0.5125,-0.8261293841754561,37.38041227,1.0
VENHQS1DUy02NjY1OmxnZ190Y2dhX3Bhbl9jYW5fYXRsYXNfMjAxOA,TCGA-LGG,cBioPortal z-score profile,0.0056,0.8581,0.9234,0.5182,0.42805251656772125,51.55012,0.0
VENHQS1DUy02NjY2OmxnZ190Y2dhX3Bhbl9jYW5fYXRsYXNfMjAxOA,TCGA-LGG,cBioPortal z-score profile,0.9638,0.5929,1.1598,-0.6016,-0.04072709180927486,46.94743071,0.0
VENHQS1DUy02NjY3OmxnZ190Y2dhX3Bhbl9jYW5fYXRsYXNfMjAxOA,TCGA-LGG,cBioPortal z-score profile,-0.4771,-1.0609,-0.1787,-0.7337,-0.9242795820404281,48.29536115,0.0
VENHQS1DUy02NjY4OmxnZ190Y2dhX3Bhbl9jYW5fYXRsYXNfMjAxOA,TCGA-LGG,cBioPortal z-score profile,-0.3409,0.4358,0.1904,-0.3818,-0.11436951691850528,49.93917875,0.0
VENHQS1DUy02NjY5OmxnZ190Y2dhX3Bhbl9jYW5fYXRsYXNfMjAxOA,TCGA-LGG,cBioPortal z-score profile,-3.4786,-2.232,1.4062,0.5724,-1.9927383247867265,49.11726995,0.0
VENHQS1DUy02NjcwOmxnZ190Y2dhX3Bhbl9jYW5fYXRsYXNfMjAxOA,TCGA-LGG,cBioPortal z-score profile,-0.4089,-0.0062,-0.1771,-0.2066,-0.1653789893364972,46.88167801,0.0
VENHQS1EQi01Mjc0OmxnZ190Y2dhX3Bhbl9jYW5fYXRsYXNfMjAxOA,TCGA-LGG,cBioPortal z-score profile,-1.6678,0.9704,-1.8006,0.5607,0.7164820680606327,75.25396982,0.0
VENHQS1EQi01Mjc1OmxnZ190Y2dhX3Bhbl9jYW5fYXRsYXNfMjAxOA,TCGA-LGG,cBioPortal z-score profile,-0.3252,0.1393,-0.6702,0.0807,0.1787484749567108,47.93372127,0.0
VENHQS1EQi01Mjc2OmxnZ190Y2dhX3Bhbl9jYW5fYXRsYXNfMjAxOA,TCGA-LGG,cBioPortal z-score profile,-0.0035,-1.1974,0.2381,0.5867,-0.3312647737063593,72.91974883,0.0
VENHQS1EQi01Mjc3OmxnZ190Y2dhX3Bhbl9jYW5fYXRsYXNfMjAxOA,TCGA-LGG,cBioPortal z-score profile,-1.434,1.2555,-0.3397,-0.4011,0.10025732049766703,50.85971661,1.0
VENHQS1EQi01Mjc4OmxnZ190Y2dhX3Bhbl9jYW5fYXRsYXNfMjAxOA,TCGA-LGG,cBioPortal z-score profile,-0.4266,-0.6752,0.6091,-0.1244,-0.6276765830482829,91.13324786,0.0
VENHQS1EQi01Mjc5OmxnZ190Y2dhX3Bhbl9jYW5fYXRsYXNfMjAxOA,TCGA-LGG,cBioPortal z-score profile,-2.2519,-0.8541,-0.3761,0.7802,-0.513682054052663,44.51458066,0.0
VENHQS1EQi01MjcwOmxnZ190Y2dhX3Bhbl9jYW5fYXRsYXNfMjAxOA,TCGA-LGG,cBioPortal z-score profile,-0.8366,0.0274,0.7611,-0.1095,-0.4368429482357338,122.7274222,0.0
VENHQS1EQi01MjczOmxnZ190Y2dhX3Bhbl9jYW5fYXRsYXNfMjAxOA,TCGA-LGG,cBioPortal z-score profile,0.2207,0.3973,-0.6817,-0.8778,-0.01761875141491709,81.96074564,0.0
VENHQS1EQi01MjgwOmxnZ190Y2dhX3Bhbl9jYW5fYXRsYXNfMjAxOA,TCGA-LGG,cBioPortal z-score profile,-1.0067,-0.7856,0.5743,-1.1788,-1.325954919411238,36.55850347,0.0
VENHQS1EQi01MjgxOmxnZ190Y2dhX3Bhbl9jYW5fYXRsYXNfMjAxOA,TCGA-LGG,cBioPortal z-score profile,-0.2829,0.4008,1.6024,0.1747,-0.1846566343824388,78.27859421,0.0
VENHQS1EQi1BNFg5OmxnZ190Y2dhX3Bhbl9jYW5fYXRsYXNfMjAxOA,TCGA-LGG,cBioPortal z-score profile,0.2492,-0.3934,-0.4796,-1.412,-0.6810382700595594,46.42140908,0.0
VENHQS1EQi1BNFhBOmxnZ190Y2dhX3Bhbl9jYW5fYXRsYXNfMjAxOA,TCGA-LGG,cBioPortal z-score profile,0.7814,-0.6316,-0.1891,-0.2505,-0.16619137292699424,18.83814972,0.0
VENHQS1EQi1BNFhCOmxnZ190Y2dhX3Bhbl9jYW5fYXRsYXNfMjAxOA,TCGA-LGG,cBioPortal z-score profile,-0.3586,0.9201,1.0246,-1.1416,-0.45723284699957784,30.21336753,0.0
VENHQS1EQi1BNFhDOmxnZ190Y2dhX3Bhbl9jYW5fYXRsYXNfMjAxOA,TCGA-LGG,cBioPortal z-score profile,0.4081,0.5709,-0.0788,-1.2331,-0.20256538161909,46.71729625,0.0
VENHQS1EQi1BNFhEOmxnZ190Y2dhX3Bhbl9jYW5fYXRsYXNfMjAxOA,TCGA-LGG,cBioPortal z-score profile,0.0683,0.309,-0.0407,-0.8996,-0.2608341778057166,39.78038597,0.0
VENHQS1EQi1BNFhFOmxnZ190Y2dhX3Bhbl9jYW5fYXRsYXNfMjAxOA,TCGA-LGG,cBioPortal z-score profile,0.3108,1.2212,-0.1233,-0.2193,0.570502104802914,37.44616497,0.0
VENHQS1EQi1BNFhGOmxnZ190Y2dhX3Bhbl9jYW5fYXRsYXNfMjAxOA,TCGA-LGG,cBioPortal z-score profile,-1.5347,0.6635,-0.8596,-1.3288,-0.5213502365512407,33.56675543,0.0
VENHQS1EQi1BNFhHOmxnZ190Y2dhX3Bhbl9jYW5fYXRsYXNfMjAxOA,TCGA-LGG,cBioPortal z-score profile,-0.3837,0.7495,0.6665,-0.6296,-0.21208744726941392,72.95262518,0.0
VENHQS1EQi1BNFhIOmxnZ190Y2dhX3Bhbl9jYW5fYXRsYXNfMjAxOA,TCGA-LGG,cBioPortal z-score profile,-1.205,0.1715,0.443,-0.6159,-0.632315675253511,31.62705066,0.0
VENHQS1EQi1BNjRMOmxnZ190Y2dhX3Bhbl9jYW5fYXRsYXNfMjAxOA,TCGA-LGG,cBioPortal z-score profile,-1.5127,-0.8627,-1.1862,-0.4257,-0.7123903023844376,24.1969951,0.0
VENHQS1EQi1BNjRPOmxnZ190Y2dhX3Bhbl9jYW5fYXRsYXNfMjAxOA,TCGA-LGG,cBioPortal z-score profile,0.5874,-1.2522,-1.2303,2.2906,0.9622701371789899,25.47917283,1.0
VENHQS1EQi1BNjRQOmxnZ190Y2dhX3Bhbl9jYW5fYXRsYXNfMjAxOA,TCGA-LGG,cBioPortal z-score profile,-0.5545,1.0358,-0.2647,-0.532,0.14485684949959687,30.11473847,0.0
VENHQS1EQi1BNjRROmxnZ190Y2dhX3Bhbl9jYW5fYXRsYXNfMjAxOA,TCGA-LGG,cBioPortal z-score profile,-0.3774,-0.616,-0.8697,-0.1993,-0.2716624391851706,5.983496071,0.0
VENHQS1EQi1BNjRSOmxnZ190Y2dhX3Bhbl9jYW5fYXRsYXNfMjAxOA,TCGA-LGG,cBioPortal z-score profile,-0.1762,-0.1519,0.6518,-0.8093,-0.6590430962897753,31.3969162,0.0
VENHQS1EQi1BNjRTOmxnZ190Y2dhX3Bhbl9jYW5fYXRsYXNfMjAxOA,TCGA-LGG,cBioPortal z-score profile,0.3532,0.2429,-0.4705,-0.3112,0.16647644267199413,27.45175395,0.0
VENHQS1EQi1BNjRVOmxnZ190Y2dhX3Bhbl9jYW5fYXRsYXNfMjAxOA,TCGA-LGG,cBioPortal z-score profile,-0.141,-0.3493,-0.145,0.3388,-0.0013620308478845544,27.81339383,0.0
VENHQS1EQi1BNjRWOmxnZ190Y2dhX3Bhbl9jYW5fYXRsYXNfMjAxOA,TCGA-LGG,cBioPortal z-score profile,-0.245,-0.6319,-1.2524,0.7093,0.28189061500330237,29.22707696,0.0
VENHQS1EQi1BNjRXOmxnZ190Y2dhX3Bhbl9jYW5fYXRsYXNfMjAxOA,TCGA-LGG,cBioPortal z-score profile,-0.0492,2.511,0.0299,-0.1287,1.0824593055200453,14.39984219,1.0
VENHQS1EQi1BNjRYOmxnZ190Y2dhX3Bhbl9jYW5fYXRsYXNfMjAxOA,TCGA-LGG,cBioPortal z-score profile,-0.9012,-0.7725,-1.0908,-0.7105,-0.6719756101571133,18.5093862,0.0
VENHQS1EQi1BNzVLOmxnZ190Y2dhX3Bhbl9jYW5fYXRsYXNfMjAxOA,TCGA-LGG,cBioPortal z-score profile,0.6557,-0.648,-0.3895,0.657,0.2766035512588242,12.09849755,0.0
VENHQS1EQi1BNzVMOmxnZ190Y2dhX3Bhbl9jYW5fYXRsYXNfMjAxOA,TCGA-LGG,cBioPortal z-score profile,-0.286,0.7836,-0.3335,-0.7502,0.008997556305535781,11.2437124,0.0
VENHQS1EQi1BNzVNOmxnZ190Y2dhX3Bhbl9jYW5fYXRsYXNfMjAxOA,TCGA-LGG,cBioPortal z-score profile,0.5465,0.2031,-0.9564,-0.6703,0.1413189723934536,17.88473551,0.0
VENHQS1EQi1BNzVPOmxnZ190Y2dhX3Bhbl9jYW5fYXRsYXNfMjAxOA,TCGA-LGG,cBioPortal z-score profile,-0.0508,-1.3568,-1.333,-0.5667,-0.5967159251292669,30.73938916,0.0
VENHQS1EQi1BNzVQOmxnZ190Y2dhX3Bhbl9jYW5fYXRsYXNfMjAxOA,TCGA-LGG,cBioPortal z-score profile,-0.6286,-1.7924,-0.0677,1.8622,-0.08406922965621155,16.1751652,0.0
VENHQS1ESC01MTQ0OmxnZ190Y2dhX3Bhbl9jYW5fYXRsYXNfMjAxOA,TCGA-LGG,cBioPortal z-score profile,-0.4904,0.0424,0.3539,-0.85,-0.598739742286464,24.59151133,0.0
VENHQS1ESC01MTQwOmxnZ190Y2dhX3Bhbl9jYW5fYXRsYXNfMjAxOA,TCGA-LGG,cBioPortal z-score profile,-0.9038,1.9387,-1.4535,-0.8181,0.6188305728822401,19.95594569,1.0
VENHQS1ESC01MTQxOmxnZ190Y2dhX3Bhbl9jYW5fYXRsYXNfMjAxOA,TCGA-LGG,cBioPortal z-score profile,-0.6602,-2.5401,-0.1614,-0.3596,-1.4819639941719174,31.82430878,0.0
VENHQS1ESC01MTQyOmxnZ190Y2dhX3Bhbl9jYW5fYXRsYXNfMjAxOA,TCGA-LGG,cBioPortal z-score profile,0.2216,1.0607,-1.1964,-0.6008,0.545407669008068,63.87875201,0.0
VENHQS1ESC01MTQzOmxnZ190Y2dhX3Bhbl9jYW5fYXRsYXNfMjAxOA,TCGA-LGG,cBioPortal z-score profile,-0.4337,-0.366,0.6093,-0.6913,-0.7580726423838199,46.05976921,0.0
VENHQS1ESC1BN1VSOmxnZ190Y2dhX3Bhbl9jYW5fYXRsYXNfMjAxOA,TCGA-LGG,cBioPortal z-score profile,-0.5917,1.512,-1.6104,-0.6736,0.6082210093715866,54.24598087,0.0
VENHQS1ESC1BN1VTOmxnZ190Y2dhX3Bhbl9jYW5fYXRsYXNfMjAxOA,TCGA-LGG,cBioPortal z-score profile,0.6231,0.0094,-0.1504,-0.0342,0.18459751880146288,23.21070454,0.0
VENHQS1ESC1BN1VUOmxnZ190Y2dhX3Bhbl9jYW5fYXRsYXNfMjAxOA,TCGA-LGG,cBioPortal z-score profile,1.7894,-0.7395,-0.3866,0.6974,0.5455518461505908,17.45734293,1.0
VENHQS1ESC1BN1VVOmxnZ190Y2dhX3Bhbl9jYW5fYXRsYXNfMjAxOA,TCGA-LGG,cBioPortal z-score profile,1.0568,1.4542,0.0886,-0.4275,0.7208540692952616,13.7094388,0.0
VENHQS1ESC1BN1VWOmxnZ190Y2dhX3Bhbl9jYW5fYXRsYXNfMjAxOA,TCGA-LGG,cBioPortal z-score profile,1.0182,-0.7509,-0.4311,-0.7104,-0.32332891210788994,18.60801526,0.0
VENHQS1ESC1BNjY5OmxnZ190Y2dhX3Bhbl9jYW5fYXRsYXNfMjAxOA,TCGA-LGG,cBioPortal z-score profile,0.6072,1.9995,-1.0341,0.7298,1.679599462000286,30.21336753,1.0
VENHQS1ESC1BNjZCOmxnZ190Y2dhX3Bhbl9jYW5fYXRsYXNfMjAxOA,TCGA-LGG,cBioPortal z-score profile,-1.3271,0.6658,-1.2602,-0.023,0.25478203683350886,42.04885426,0.0
VENHQS1ESC1BNjZEOmxnZ190Y2dhX3Bhbl9jYW5fYXRsYXNfMjAxOA,TCGA-LGG,cBioPortal z-score profile,0.8114,-0.3889,0.0468,-1.0978,-0.508366924414098,27.81339383,0.0
VENHQS1ESC1BNjZGOmxnZ190Y2dhX3Bhbl9jYW5fYXRsYXNfMjAxOA,TCGA-LGG,cBioPortal z-score profile,-0.3314,-1.5854,-1.1602,-0.8278,-0.9414384978232224,17.19433212,0.0
VENHQS1ESC1BNjZHOmxnZ190Y2dhX3Bhbl9jYW5fYXRsYXNfMjAxOA,TCGA-LGG,cBioPortal z-score profile,0.0064,0.3703,0.3636,-0.0876,0.04480441912212707,17.19433212,0.0
VENHQS1EVS01ODQ3OmxnZ190Y2dhX3Bhbl9jYW5fYXRsYXNfMjAxOA,TCGA-LGG,cBioPortal z-score profile,1.0447,1.2841,0.3942,1.468,1.4751354476292184,18.01624092,0.0
VENHQS1EVS01ODQ5OmxnZ190Y2dhX3Bhbl9jYW5fYXRsYXNfMjAxOA,TCGA-LGG,cBioPortal z-score profile,0.1451,0.0363,0.7879,-0.1325,-0.19668239399945722,14.56422395,0.0
VENHQS1EVS01ODU0OmxnZ190Y2dhX3Bhbl9jYW5fYXRsYXNfMjAxOA,TCGA-LGG,cBioPortal z-score profile,0.395,0.8226,0.5964,2.8782,1.7216114927317305,8.449222474,0.0
VENHQS1EVS01ODU1OmxnZ190Y2dhX3Bhbl9jYW5fYXRsYXNfMjAxOA,TCGA-LGG,cBioPortal z-score profile,-0.1521,-0.8151,-0.2865,-0.8954,-0.778330438013179,6.805404872,0.0
VENHQS1EVS01ODUxOmxnZ190Y2dhX3Bhbl9jYW5fYXRsYXNfMjAxOA,TCGA-LGG,cBioPortal z-score profile,-0.9988,-1.0943,0.4453,-0.0433,-0.8918184309693543,17.45734293,0.0
VENHQS1EVS01ODUyOmxnZ190Y2dhX3Bhbl9jYW5fYXRsYXNfMjAxOA,TCGA-LGG,cBioPortal z-score profile,1.0317,1.0722,-0.1105,2.883,2.1721520049606355,6.739652168,1.0
VENHQS1EVS01ODUzOmxnZ190Y2dhX3Bhbl9jYW5fYXRsYXNfMjAxOA,TCGA-LGG,cBioPortal z-score profile,-0.3066,0.3442,0.2203,-1.0946,-0.49689998000640895,13.38067528,0.0
VENHQS1EVS01ODc0OmxnZ190Y2dhX3Bhbl9jYW5fYXRsYXNfMjAxOA,TCGA-LGG,cBioPortal z-score profile,-0.435,1.1261,0.0302,-0.6814,0.07577156796241191,15.15599829,0.0
VENHQS1EVS01ODcwOmxnZ190Y2dhX3Bhbl9jYW5fYXRsYXNfMjAxOA,TCGA-LGG,cBioPortal z-score profile,0.2069,-0.0756,1.2198,-0.4826,-0.5032275036012516,182.3322484,0.0
VENHQS1EVS01ODcxOmxnZ190Y2dhX3Bhbl9jYW5fYXRsYXNfMjAxOA,TCGA-LGG,cBioPortal z-score profile,-1.0845,-0.8762,1.0233,-0.5453,-1.191065446194067,18.93677878,0.0
VENHQS1EVS01ODcyOmxnZ190Y2dhX3Bhbl9jYW5fYXRsYXNfMjAxOA,TCGA-LGG,cBioPortal z-score profile,-1.3928,-0.682,-0.8967,-0.638,-0.7683448563791944,17.49021929,0.0
VENHQS1EVS02Mzk0OmxnZ190Y2dhX3Bhbl9jYW5fYXRsYXNfMjAxOA,TCGA-LGG,cBioPortal z-score profile,-0.0591,-0.7603,1.1345,-0.2718,-0.767918805915691,22.42167209,1.0
VENHQS1EVS02Mzk1OmxnZ190Y2dhX3Bhbl9jYW5fYXRsYXNfMjAxOA,TCGA-LGG,cBioPortal z-score profile,0.5404,-0.0656,-0.0702,0.5636,0.3960667874999138,49.01864089,1.0
VENHQS1EVS02Mzk2OmxnZ190Y2dhX3Bhbl9jYW5fYXRsYXNfMjAxOA,TCGA-LGG,cBioPortal z-score profile,1.3039,-0.9681,-0.7902,0.0023,0.07693221856864632,75.15534076,1.0
VENHQS1EVS02Mzk3OmxnZ190Y2dhX3Bhbl9jYW5fYXRsYXNfMjAxOA,TCGA-LGG,cBioPortal z-score profile,0.2592,-0.1648,-0.3111,-0.6502,-0.24726357578036284,46.05976921,1.0
VENHQS1EVS02Mzk5OmxnZ190Y2dhX3Bhbl9jYW5fYXRsYXNfMjAxOA,TCGA-LGG,cBioPortal z-score profile,-0.5726,1.109,0.1925,-1.0968,-0.20548551284273314,65.75270408,1.0
VENHQS1EVS02MzkyOmxnZ190Y2dhX3Bhbl9jYW5fYXRsYXNfMjAxOA,TCGA-LGG,cBioPortal z-score profile,-0.0893,0.8808,0.9163,0.4025,0.36028254681941574,211.1648092,0.0
VENHQS1EVS02MzkzOmxnZ190Y2dhX3Bhbl9jYW5fYXRsYXNfMjAxOA,TCGA-LGG,cBioPortal z-score profile,0.6079,1.3807,-1.1073,-0.5947,0.7752038180496422,52.10901798,1.0
VENHQS1EVS02NDA0OmxnZ190Y2dhX3Bhbl9jYW5fYXRsYXNfMjAxOA,TCGA-LGG,cBioPortal z-score profile,1.9536,1.3508,3.1509,1.8578,1.2718392370663825,133.7410001,1.0
VENHQS1EVS02NDA1OmxnZ190Y2dhX3Bhbl9jYW5fYXRsYXNfMjAxOA,TCGA-LGG,cBioPortal z-score profile,0.4678,1.8765,0.6098,0.7724,1.2159600339823595,19.89019298,1.0
VENHQS1EVS02NDA2OmxnZ190Y2dhX3Bhbl9jYW5fYXRsYXNfMjAxOA,TCGA-LGG,cBioPortal z-score profile,1.4286,1.967,0.8261,2.4462,2.2571427247378377,16.83269224,1.0
VENHQS1EVS02NDA3OmxnZ190Y2dhX3Bhbl9jYW5fYXRsYXNfMjAxOA,TCGA-LGG,cBioPortal z-score profile,1.048,0.7011,1.4996,-0.8053,-0.14734764612664886,94.51951212,1.0
VENHQS1EVS02NDA4OmxnZ190Y2dhX3Bhbl9jYW5fYXRsYXNfMjAxOA,TCGA-LGG,cBioPortal z-score profile,0.5894,0.9489,0.475,-1.0438,-0.021502162995701124,114.0809416,1.0
VENHQS1EVS02NDAwOmxnZ190Y2dhX3Bhbl9jYW5fYXRsYXNfMjAxOA,TCGA-LGG,cBioPortal z-score profile,0.1362,-0.7331,0.5214,0.3793,-0.24681853233286027,1.216425026,1.0
VENHQS1EVS02NDAxOmxnZ190Y2dhX3Bhbl9jYW5fYXRsYXNfMjAxOA,TCGA-LGG,cBioPortal z-score profile,-0.5499,-1.2521,0.0978,0.1941,-0.6525710973396852,87.45109643,1.0
VENHQS1EVS02NDAyOmxnZ190Y2dhX3Bhbl9jYW5fYXRsYXNfMjAxOA,TCGA-LGG,cBioPortal z-score profile,2.728,0.9101,0.5508,0.5731,1.2699458557034673,7.035539337,1.0
VENHQS1EVS02NDAzOmxnZ190Y2dhX3Bhbl9jYW5fYXRsYXNfMjAxOA,TCGA-LGG,cBioPortal z-score profile,0.6798,2.5063,0.2454,1.2325,1.8699574293116883,11.63822862,1.0
VENHQS1EVS02NDEwOmxnZ190Y2dhX3Bhbl9jYW5fYXRsYXNfMjAxOA,TCGA-LGG,cBioPortal z-score profile,-0.808,1.0862,0.4317,-0.4788,-0.037377675881050954,7.956077194,0.0
VENHQS1EVS02NTQyOmxnZ190Y2dhX3Bhbl9jYW5fYXRsYXNfMjAxOA,TCGA-LGG,cBioPortal z-score profile,0.8202,0.3144,-0.137,0.1639,0.46867402111728956,2.399973699,0.0
VENHQS1EVS03MDA2OmxnZ190Y2dhX3Bhbl9jYW5fYXRsYXNfMjAxOA,TCGA-LGG,cBioPortal z-score profile,1.5858,0.9328,0.9387,0.8989,1.0495492332003913,11.47384686,1.0
VENHQS1EVS03MDA3OmxnZ190Y2dhX3Bhbl9jYW5fYXRsYXNfMjAxOA,TCGA-LGG,cBioPortal z-score profile,1.0347,-0.2521,-0.7042,-0.2229,0.21089170753000985,62.95821416,1.0
VENHQS1EVS03MDA4OmxnZ190Y2dhX3Bhbl9jYW5fYXRsYXNfMjAxOA,TCGA-LGG,cBioPortal z-score profile,-1.1615,0.7242,-0.2327,-0.9889,-0.3830036422942279,156.2284249,0.0
VENHQS1EVS03MDA5OmxnZ190Y2dhX3Bhbl9jYW5fYXRsYXNfMjAxOA,TCGA-LGG,cBioPortal z-score profile,-1.1112,0.8199,1.3758,-1.0287,-0.7273819355325338,154.3544728,1.0
VENHQS1EVS03MDE0OmxnZ190Y2dhX3Bhbl9jYW5fYXRsYXNfMjAxOA,TCGA-LGG,cBioPortal z-score profile,-0.6422,0.1066,0.85,-0.9454,-0.7719317636667058,117.4014531,1.0
VENHQS1EVS03MDE1OmxnZ190Y2dhX3Bhbl9jYW5fYXRsYXNfMjAxOA,TCGA-LGG,cBioPortal z-score profile,-0.3094,0.8235,0.3275,-1.5054,-0.4979338496374072,90.77160798,0.0
VENHQS1EVS03MDE4OmxnZ190Y2dhX3Bhbl9jYW5fYXRsYXNfMjAxOA,TCGA-LGG,cBioPortal z-score profile,-1.5048,1.0965,1.3128,-0.5063,-0.4352808482063077,30.67363645,1.0
VENHQS1EVS03MDE5OmxnZ190Y2dhX3Bhbl9jYW5fYXRsYXNfMjAxOA,TCGA-LGG,cBioPortal z-score profile,-1.0563,-1.1792,1.0309,-0.4369,-1.274069348193774,26.30108163,0.0
VENHQS1EVS03MDEwOmxnZ190Y2dhX3Bhbl9jYW5fYXRsYXNfMjAxOA,TCGA-LGG,cBioPortal z-score profile,0.4945,1.8901,0.2475,-0.0597,0.9163245753191335,14.99161653,1.0
VENHQS1EVS03MDExOmxnZ190Y2dhX3Bhbl9jYW5fYXRsYXNfMjAxOA,TCGA-LGG,cBioPortal z-score profile,-0.8566,-0.8138,0.8408,-0.3513,-0.9668602982567203,105.2043265,1.0
VENHQS1EVS03MDEyOmxnZ190Y2dhX3Bhbl9jYW5fYXRsYXNfMjAxOA,TCGA-LGG,cBioPortal z-score profile,1.2103,0.5819,1.036,0.0203,0.3454829765188267,6.542394056,1.0
VENHQS1EVS03MDEzOmxnZ190Y2dhX3Bhbl9jYW5fYXRsYXNfMjAxOA,TCGA-LGG,cBioPortal z-score profile,1.5098,2.1595,0.529,0.9132,1.7028927057400745,8.843738699,1.0
VENHQS1EVS03Mjk0OmxnZ190Y2dhX3Bhbl9jYW5fYXRsYXNfMjAxOA,TCGA-LGG,cBioPortal z-score profile,-1.2496,0.0053,0.6385,-0.5825,-0.751363298662727,94.322254,0.0
VENHQS1EVS03Mjk4OmxnZ190Y2dhX3Bhbl9jYW5fYXRsYXNfMjAxOA,TCGA-LGG,cBioPortal z-score profile,-0.5567,1.6024,-0.9648,-0.188,0.7384436194457131,18.93677878,1.0
VENHQS1EVS03Mjk5OmxnZ190Y2dhX3Bhbl9jYW5fYXRsYXNfMjAxOA,TCGA-LGG,cBioPortal z-score profile,-0.6693,-0.1068,-0.0936,-0.9515,-0.6563060970628842,44.02143538,1.0
VENHQS1EVS03MjkwOmxnZ190Y2dhX3Bhbl9jYW5fYXRsYXNfMjAxOA,TCGA-LGG,cBioPortal z-score profile,0.4037,0.5783,0.7408,0.3296,0.3541227988375728,10.35605089,1.0
VENHQS1EVS03MjkyOmxnZ190Y2dhX3Bhbl9jYW5fYXRsYXNfMjAxOA,TCGA-LGG,cBioPortal z-score profile,-0.1989,1.0115,0.7821,1.9418,1.1626436968247653,7.956077194,1.0
VENHQS1EVS03MzA0OmxnZ190Y2dhX3Bhbl9jYW5fYXRsYXNfMjAxOA,TCGA-LGG,cBioPortal z-score profile,-0.5255,0.6682,0.2729,-0.6636,-0.20905409204642866,23.3093336,1.0
VENHQS1EVS03MzA2OmxnZ190Y2dhX3Bhbl9jYW5fYXRsYXNfMjAxOA,TCGA-LGG,cBioPortal z-score profile,-1.5694,-0.3571,-0.2809,-1.7282,-1.3326044340592493,41.98310156,0.0
VENHQS1EVS03MzA5OmxnZ190Y2dhX3Bhbl9jYW5fYXRsYXNfMjAxOA,TCGA-LGG,cBioPortal z-score profile,-1.0635,-0.6525,1.8847,-0.4785,-1.2548293553892536,2.761613571,0.0
VENHQS1EVS03MzAwOmxnZ190Y2dhX3Bhbl9jYW5fYXRsYXNfMjAxOA,TCGA-LGG,cBioPortal z-score profile,-1.4146,0.3934,0.6094,-0.3481,-0.4947292059063666,62.00479995,1.0
VENHQS1EVS03MzAxOmxnZ190Y2dhX3Bhbl9jYW5fYXRsYXNfMjAxOA,TCGA-LGG,cBioPortal z-score profile,-0.5282,0.6773,0.0409,-0.7603,-0.196713856992338,25.90656541,1.0
VENHQS1EVS03MzAyOmxnZ190Y2dhX3Bhbl9jYW5fYXRsYXNfMjAxOA,TCGA-LGG,cBioPortal z-score profile,-0.9228,-0.039,0.7906,-0.0038,-0.4462078619035512,60.29522964,0.0
VENHQS1EVS04MTU4OmxnZ190Y2dhX3Bhbl9jYW5fYXRsYXNfMjAxOA,TCGA-LGG,cBioPortal z-score profile,1.8961,0.1622,0.2751,1.0113,0.984202218517401,5.095834566,1.0
VENHQS1EVS04MTY0OmxnZ190Y2dhX3Bhbl9jYW5fYXRsYXNfMjAxOA,TCGA-LGG,cBioPortal z-score profile,0.0751,0.5783,1.2354,-1.3282,-0.6433380031297669,21.40250518,0.0
VENHQS1EVS04MTY1OmxnZ190Y2dhX3Bhbl9jYW5fYXRsYXNfMjAxOA,TCGA-LGG,cBioPortal z-score profile,1.1047,2.0583,1.634,-1.3567,0.20004241479311635,19.13403689,0.0
VENHQS1EVS04MTY2OmxnZ190Y2dhX3Bhbl9jYW5fYXRsYXNfMjAxOA,TCGA-LGG,cBioPortal z-score profile,-0.6997,0.3221,1.6719,0.3515,-0.26049297630011314,16.96419765,0.0
VENHQS1EVS04MTY3OmxnZ190Y2dhX3Bhbl9jYW5fYXRsYXNfMjAxOA,TCGA-LGG,cBioPortal z-score profile,-0.6272,0.2932,-0.3261,0.227,0.16042307160142677,15.48476181,0.0
VENHQS1EVS04MTY4OmxnZ190Y2dhX3Bhbl9jYW5fYXRsYXNfMjAxOA,TCGA-LGG,cBioPortal z-score profile,0.4459,1.03,1.637,-0.4134,0.00491872527865489,14.16970773,0.0
VENHQS1EVS04MTYxOmxnZ190Y2dhX3Bhbl9jYW5fYXRsYXNfMjAxOA,TCGA-LGG,cBioPortal z-score profile,1.237,0.4522,0.6916,1.9448,1.2970416337262591,23.73672617,1.0
VENHQS1EVS04MTYyOmxnZ190Y2dhX3Bhbl9jYW5fYXRsYXNfMjAxOA,TCGA-LGG,cBioPortal z-score profile,-2.4599,0.0103,1.355,1.1358,-0.40796610935560074,14.59710031,1.0
VENHQS1EVS04MTYzOmxnZ190Y2dhX3Bhbl9jYW5fYXRsYXNfMjAxOA,TCGA-LGG,cBioPortal z-score profile,0.1381,0.7613,1.2887,-0.8023,-0.30273599708375964,20.67922543,0.0
VENHQS1EVS1BN1Q2OmxnZ190Y2dhX3Bhbl9jYW5fYXRsYXNfMjAxOA,TCGA-LGG,cBioPortal z-score profile,0.5105,1.1175,1.4832,0.6064,0.5877717350830411,17.98336457,1.0
VENHQS1EVS1BN1Q4OmxnZ190Y2dhX3Bhbl9jYW5fYXRsYXNfMjAxOA,TCGA-LGG,cBioPortal z-score profile,0.7662,0.3928,0.1353,-1.1335,-0.19584634055356465,139.0340928,1.0
VENHQS1EVS1BN1RBOmxnZ190Y2dhX3Bhbl9jYW5fYXRsYXNfMjAxOA,TCGA-LGG,cBioPortal z-score profile,2.2015,-1.084,0.1929,-0.678,-0.3051586003787223,84.32784298,0.0
VENHQS1EVS1BN1RCOmxnZ190Y2dhX3Bhbl9jYW5fYXRsYXNfMjAxOA,TCGA-LGG,cBioPortal z-score profile,1.3692,-0.9914,1.6675,2.7765,0.8286548241477973,51.51724365,0.0
VENHQS1EVS1BN1RDOmxnZ190Y2dhX3Bhbl9jYW5fYXRsYXNfMjAxOA,TCGA-LGG,cBioPortal z-score profile,-0.8262,-0.061,-0.5558,0.0085,-0.1052784673914515,37.38041227,0.0
VENHQS1EVS1BN1REOmxnZ190Y2dhX3Bhbl9jYW5fYXRsYXNfMjAxOA,TCGA-LGG,cBioPortal z-score profile,1.0424,2.0583,0.9395,0.8333,1.3993478178474272,7.495808265,1.0
VENHQS1EVS1BN1RHOmxnZ190Y2dhX3Bhbl9jYW5fYXRsYXNfMjAxOA,TCGA-LGG,cBioPortal z-score profile,-2.3043,-0.7787,0.5404,-0.0859,-1.1256042159222428,44.41595161,1.0
VENHQS1EVS1BN1RJOmxnZ190Y2dhX3Bhbl9jYW5fYXRsYXNfMjAxOA,TCGA-LGG,cBioPortal z-score profile,-0.0554,0.127,1.0542,-0.0413,-0.2260155741585264,38.89272446,1.0
VENHQS1EVS1BN1RKOmxnZ190Y2dhX3Bhbl9jYW5fYXRsYXNfMjAxOA,TCGA-LGG,cBioPortal z-score profile,0.6186,2.082,0.3878,1.8874,1.9376417991560775,0.558897985,0.0
VENHQS1EVS1BNVRQOmxnZ190Y2dhX3Bhbl9jYW5fYXRsYXNfMjAxOA,TCGA-LGG,cBioPortal z-score profile,0.0944,-0.7281,0.658,0.6476,-0.15912870706413618,33.27086826,0.0
VENHQS1EVS1BNVRSOmxnZ190Y2dhX3Bhbl9jYW5fYXRsYXNfMjAxOA,TCGA-LGG,cBioPortal z-score profile,2.0293,-2.0286,-1.7137,-0.2198,-0.11421282152036734,29.85172765,0.0
VENHQS1EVS1BNVRTOmxnZ190Y2dhX3Bhbl9jYW5fYXRsYXNfMjAxOA,TCGA-LGG,cBioPortal z-score profile,0.4291,0.4053,-2.0265,0.2496,0.9004263723385904,31.69280337,0.0
VENHQS1EVS1BNVRUOmxnZ190Y2dhX3Bhbl9jYW5fYXRsYXNfMjAxOA,TCGA-LGG,cBioPortal z-score profile,1.9706,-0.5076,0.3306,0.3353,0.3555786467066243,24.42712957,0.0
VENHQS1EVS1BNVRVOmxnZ190Y2dhX3Bhbl9jYW5fYXRsYXNfMjAxOA,TCGA-LGG,cBioPortal z-score profile,1.2978,-1.0065,-1.54,-0.2897,0.09590080444166393,26.16957622,0.0
VENHQS1EVS1BNVRXOmxnZ190Y2dhX3Bhbl9jYW5fYXRsYXNfMjAxOA,TCGA-LGG,cBioPortal z-score profile,1.447,0.5833,-0.7993,-1.3537,0.18495498368494967,24.98602755,0.0
VENHQS1EVS1BNVRZOmxnZ190Y2dhX3Bhbl9jYW5fYXRsYXNfMjAxOA,TCGA-LGG,cBioPortal z-score profile,1.7567,0.7263,0.2978,2.0516,1.703164084731196,33.96127166,1.0
VENHQS1EVS1BNlM2OmxnZ190Y2dhX3Bhbl9jYW5fYXRsYXNfMjAxOA,TCGA-LGG,cBioPortal z-score profile,0.1702,-0.6222,0.8672,-0.3373,-0.6125269660855704,95.11128645,0.0
VENHQS1EVS1BNlM3OmxnZ190Y2dhX3Bhbl9jYW5fYXRsYXNfMjAxOA,TCGA-LGG,cBioPortal z-score profile,0.9951,0.4544,0.3732,-0.1245,0.31905769548023977,20.9751126,0.0
VENHQS1EVS1BNlM4OmxnZ190Y2dhX3Bhbl9jYW5fYXRsYXNfMjAxOA,TCGA-LGG,cBioPortal z-score profile,1.3035,-0.3093,-1.9001,-0.2119,0.543534399665134,22.29016668,0.0
VENHQS1EVS1BNlMyOmxnZ190Y2dhX3Bhbl9jYW5fYXRsYXNfMjAxOA,TCGA-LGG,cBioPortal z-score profile,-0.3605,-1.2765,0.9062,0.9828,-0.42908582932623096,25.54492554,0.0
VENHQS1EVS1BNlMzOmxnZ190Y2dhX3Bhbl9jYW5fYXRsYXNfMjAxOA,TCGA-LGG,cBioPortal z-score profile,-0.0622,-0.0306,0.9933,0.01,-0.26174021503094735,21.56688694,0.0
VENHQS1EVS1BNzZLOmxnZ190Y2dhX3Bhbl9jYW5fYXRsYXNfMjAxOA,TCGA-LGG,cBioPortal z-score profile,1.5939,0.6314,-0.0679,2.0219,1.689896583007724,11.40809416,1.0
VENHQS1EVS1BNzZMOmxnZ190Y2dhX3Bhbl9jYW5fYXRsYXNfMjAxOA,TCGA-LGG,cBioPortal z-score profile,1.7581,1.339,0.5322,1.9245,1.8708371377478357,26.76135056,1.0
VENHQS1EVS1BNzZPOmxnZ190Y2dhX3Bhbl9jYW5fYXRsYXNfMjAxOA,TCGA-LGG,cBioPortal z-score profile,0.7334,0.4323,-0.6255,-0.729,0.18895159088921326,17.16145577,0.0
VENHQS1EVS1BNzZSOmxnZ190Y2dhX3Bhbl9jYW5fYXRsYXNfMjAxOA,TCGA-LGG,cBioPortal z-score profile,-0.0945,-0.3717,-0.0896,-1.0134,-0.6613441375904936,21.30387612,1.0
VENHQS1FMS01MzA0OmxnZ190Y2dhX3Bhbl9jYW5fYXRsYXNfMjAxOA,TCGA-LGG,cBioPortal z-score profile,-0.1733,2.6306,-0.5788,-0.9013,0.8801771821699296,41.1283164,1.0
VENHQS1FMS01MzA1OmxnZ190Y2dhX3Bhbl9jYW5fYXRsYXNfMjAxOA,TCGA-LGG,cBioPortal z-score profile,-0.9362,0.5904,-0.2352,-1.2914,-0.5313270624507114,79.98816451,1.0
VENHQS1FMS01MzA3OmxnZ190Y2dhX3Bhbl9jYW5fYXRsYXNfMjAxOA,TCGA-LGG,cBioPortal z-score profile,-0.7207,-1.0501,0.1108,-0.7052,-1.0373634429886909,57.92813229,1.0
VENHQS1FMS01MzAyOmxnZ190Y2dhX3Bhbl9jYW5fYXRsYXNfMjAxOA,TCGA-LGG,cBioPortal z-score profile,-0.4199,0.4251,-0.9916,-0.3565,0.15358981889789447,50.13643686,1.0
VENHQS1FMS01MzAzOmxnZ190Y2dhX3Bhbl9jYW5fYXRsYXNfMjAxOA,TCGA-LGG,cBioPortal z-score profile,-1.0449,-0.0641,-0.8838,0.0371,-0.07143444576817932,67.46227439,1.0
VENHQS1FMS01MzE4OmxnZ190Y2dhX3Bhbl9jYW5fYXRsYXNfMjAxOA,TCGA-LGG,cBioPortal z-score profile,-0.6303,-1.4129,0.9227,-1.1605,-1.5936751315218132,78.2128415,1.0
VENHQS1FMS01MzE5OmxnZ190Y2dhX3Bhbl9jYW5fYXRsYXNfMjAxOA,TCGA-LGG,cBioPortal z-score profile,-0.254,-1.3426,-0.0652,-0.2492,-0.7919335413738847,95.57155538,1.0
VENHQS1FMS01MzExOmxnZ190Y2dhX3Bhbl9jYW5fYXRsYXNfMjAxOA,TCGA-LGG,cBioPortal z-score profile,-0.7044,0.5142,1.0901,0.6462,0.10706361515980192,134.2670217,1.0
VENHQS1FMS01MzIyOmxnZ190Y2dhX3Bhbl9jYW5fYXRsYXNfMjAxOA,TCGA-LGG,cBioPortal z-score profile,-0.1354,-0.53,-0.255,-0.6062,-0.5106717955241442,130.7821284,1.0
VENHQS1FMS1BN1lEOmxnZ190Y2dhX3Bhbl9jYW5fYXRsYXNfMjAxOA,TCGA-LGG,cBioPortal z-score profile,1.5451,2.0461,-2.3213,0.2917,2.0394576864443357,14.30121314,1.0
VENHQS1FMS1BN1lFOmxnZ190Y2dhX3Bhbl9jYW5fYXRsYXNfMjAxOA,TCGA-LGG,cBioPortal z-score profile,0.9893,1.0495,0.0772,-1.1602,0.1671850917111396,29.12844791,1.0
VENHQS1FMS1BN1lIOmxnZ190Y2dhX3Bhbl9jYW5fYXRsYXNfMjAxOA,TCGA-LGG,cBioPortal z-score profile,0.0576,-0.2616,-2.1392,0.5136,0.6487793149457451,93.20445803,1.0
VENHQS1FMS1BN1lJOmxnZ190Y2dhX3Bhbl9jYW5fYXRsYXNfMjAxOA,TCGA-LGG,cBioPortal z-score profile,0.7436,2.1619,-2.5403,0.6865,2.1276358321662965,3.649275076,1.0
VENHQS1FMS1BN1lKOmxnZ190Y2dhX3Bhbl9jYW5fYXRsYXNfMjAxOA,TCGA-LGG,cBioPortal z-score profile,1.7044,-0.0096,-0.4756,1.9541,1.485758281880874,19.46280041,1.0
VENHQS1FMS1BN1lLOmxnZ190Y2dhX3Bhbl9jYW5fYXRsYXNfMjAxOA,TCGA-LGG,cBioPortal z-score profile,1.3404,-0.4301,-1.0187,0.8725,0.8073949419550401,12.42726107,1.0
VENHQS1FMS1BN1lMOmxnZ190Y2dhX3Bhbl9jYW5fYXRsYXNfMjAxOA,TCGA-LGG,cBioPortal z-score profile,2.2698,1.275,-0.3181,-0.4828,1.0211680222343005,16.1751652,1.0
VENHQS1FMS1BN1lNOmxnZ190Y2dhX3Bhbl9jYW5fYXRsYXNfMjAxOA,TCGA-LGG,cBioPortal z-score profile,0.309,0.6149,-1.2676,2.1483,1.6965387734032054,21.30387612,1.0
VENHQS1FMS1BN1lOOmxnZ190Y2dhX3Bhbl9jYW5fYXRsYXNfMjAxOA,TCGA-LGG,cBioPortal z-score profile,-0.913,-0.868,-0.444,2.2453,0.5442460878756394,23.90110793,1.0
VENHQS1FMS1BN1lPOmxnZ190Y2dhX3Bhbl9jYW5fYXRsYXNfMjAxOA,TCGA-LGG,cBioPortal z-score profile,0.7935,0.5405,0.187,-0.5458,0.1491914201234112,75.02383536,1.0
VENHQS1FMS1BN1lROmxnZ190Y2dhX3Bhbl9jYW5fYXRsYXNfMjAxOA,TCGA-LGG,cBioPortal z-score profile,0.8461,0.6572,-0.1497,1.5978,1.3248906639787448,51.87888352,1.0
VENHQS1FMS1BN1lTOmxnZ190Y2dhX3Bhbl9jYW5fYXRsYXNfMjAxOA,TCGA-LGG,cBioPortal z-score profile,-0.201,0.6252,-0.1039,0.8171,0.6544670149587601,15.32038005,1.0
VENHQS1FMS1BN1lVOmxnZ190Y2dhX3Bhbl9jYW5fYXRsYXNfMjAxOA,TCGA-LGG,cBioPortal z-score profile,1.161,-0.1608,-1.8512,-0.0606,0.6365047756595923,0.756156097,1.0
VENHQS1FMS1BN1lWOmxnZ190Y2dhX3Bhbl9jYW5fYXRsYXNfMjAxOA,TCGA-LGG,cBioPortal z-score profile,1.0277,2.5031,-1.77,-1.0599,1.3384454634229586,32.44895946,1.0
VENHQS1FMS1BN1lXOmxnZ190Y2dhX3Bhbl9jYW5fYXRsYXNfMjAxOA,TCGA-LGG,cBioPortal z-score profile,0.9079,0.218,-0.3024,-0.8926,-0.020651668284739466,36.82151429,1.0
VENHQS1FMS1BN1lZOmxnZ190Y2dhX3Bhbl9jYW5fYXRsYXNfMjAxOA,TCGA-LGG,cBioPortal z-score profile,-1.642,-0.7421,1.6532,0.4274,-0.9562323434452809,146.1353848,1.0
VENHQS1FMS1BN1o0OmxnZ190Y2dhX3Bhbl9jYW5fYXRsYXNfMjAxOA,TCGA-LGG,cBioPortal z-score profile,-0.5529,-0.8512,-1.5165,-1.0284,-0.6697140445620002,145.0504652,1.0
VENHQS1FMS1BN1o2OmxnZ190Y2dhX3Bhbl9jYW5fYXRsYXNfMjAxOA,TCGA-LGG,cBioPortal z-score profile,-1.1598,-0.8811,-0.8634,-1.9216,-1.4239365321093604,32.35033041,1.0
VENHQS1FMS1BN1oyOmxnZ190Y2dhX3Bhbl9jYW5fYXRsYXNfMjAxOA,TCGA-LGG,cBioPortal z-score profile,0.2457,0.5254,-0.9968,1.9028,1.456563697027913,13.08478811,1.0
VENHQS1FMS1BN1ozOmxnZ190Y2dhX3Bhbl9jYW5fYXRsYXNfMjAxOA,TCGA-LGG,cBioPortal z-score profile,0.0041,-1.189,0.6036,0.6014,-0.4053073383079466,73.47864681,1.0
VENHQS1FWi03MjY0OmxnZ190Y2dhX3Bhbl9jYW5fYXRsYXNfMjAxOA,TCGA-LGG,cBioPortal z-score profile,-0.0362,0.0717,-0.7857,-0.9036,-0.22250668551118705,39.4844988,0.0
VENHQS1GNi1BOE80OmxnZ190Y2dhX3Bhbl9jYW5fYXRsYXNfMjAxOA,TCGA-LGG,cBioPortal z-score profile,-0.8389,0.1829,0.6849,-0.929,-0.7402038262300169,0.197258112,0.0
VENHQS1GNi1BOE8zOmxnZ190Y2dhX3Bhbl9jYW5fYXRsYXNfMjAxOA,TCGA-LGG,cBioPortal z-score profile,-0.6616,-0.0185,0.9225,-1.0379,-0.8965345929269912,0.230134464,0.0
VENHQS1GRy01OTY0OmxnZ190Y2dhX3Bhbl9jYW5fYXRsYXNfMjAxOA,TCGA-LGG,cBioPortal z-score profile,0.2036,0.1546,0.1765,0.4427,0.2945300850236482,52.20764704,0.0
VENHQS1GRy01OTY1OmxnZ190Y2dhX3Bhbl9jYW5fYXRsYXNfMjAxOA,TCGA-LGG,cBioPortal z-score profile,0.5875,0.7651,-0.0007,-0.9728,0.0400152523845036,36.82151429,1.0
VENHQS1GRy01OTYyOmxnZ190Y2dhX3Bhbl9jYW5fYXRsYXNfMjAxOA,TCGA-LGG,cBioPortal z-score profile,-1.344,-0.3419,0.5015,-0.2698,-0.7541403208337409,47.76933951,0.0
VENHQS1GRy01OTYzOmxnZ190Y2dhX3Bhbl9jYW5fYXRsYXNfMjAxOA,TCGA-LGG,cBioPortal z-score profile,0.9199,1.1847,0.3762,1.2675,1.304974754431603,25.47917283,1.0
VENHQS1GRy02Njg4OmxnZ190Y2dhX3Bhbl9jYW5fYXRsYXNfMjAxOA,TCGA-LGG,cBioPortal z-score profile,0.9934,0.4301,-0.832,1.987,1.606588869998693,18.77239702,0.0
VENHQS1GRy02Njg5OmxnZ190Y2dhX3Bhbl9jYW5fYXRsYXNfMjAxOA,TCGA-LGG,cBioPortal z-score profile,-1.4325,-0.8697,-0.3247,-0.404,-0.8894640396109984,14.92586383,0.0
VENHQS1GRy02NjkwOmxnZ190Y2dhX3Bhbl9jYW5fYXRsYXNfMjAxOA,TCGA-LGG,cBioPortal z-score profile,-0.7339,0.3107,-0.0647,-1.8213,-0.9034212551508612,42.54199954,0.0
VENHQS1GRy02NjkxOmxnZ190Y2dhX3Bhbl9jYW5fYXRsYXNfMjAxOA,TCGA-LGG,cBioPortal z-score profile,-0.1776,0.3702,0.6689,-1.2417,-0.6287996395778809,41.32557451,0.0
VENHQS1GRy02NjkyOmxnZ190Y2dhX3Bhbl9jYW5fYXRsYXNfMjAxOA,TCGA-LGG,cBioPortal z-score profile,1.8638,1.1803,-0.5013,3.139,2.652807155479909,18.44363349,1.0
VENHQS1GRy03NjM0OmxnZ190Y2dhX3Bhbl9jYW5fYXRsYXNfMjAxOA,TCGA-LGG,cBioPortal z-score profile,0.8636,0.9472,2.0231,0.7515,0.5411309248355263,15.3532564,0.0
VENHQS1GRy03NjM2OmxnZ190Y2dhX3Bhbl9jYW5fYXRsYXNfMjAxOA,TCGA-LGG,cBioPortal z-score profile,-0.1696,0.2475,-0.9835,0.1896,0.3958266006096802,17.88473551,0.0
VENHQS1GRy03NjM3OmxnZ190Y2dhX3Bhbl9jYW5fYXRsYXNfMjAxOA,TCGA-LGG,cBioPortal z-score profile,-1.079,0.5391,0.5764,-1.4377,-0.8551978414910251,40.07627314,0.0
VENHQS1GRy03NjM4OmxnZ190Y2dhX3Bhbl9jYW5fYXRsYXNfMjAxOA,TCGA-LGG,cBioPortal z-score profile,-0.6566,-0.1183,0.6888,-0.2231,-0.49518928589853267,22.5531775,0.0
VENHQS1GRy03NjQxOmxnZ190Y2dhX3Bhbl9jYW5fYXRsYXNfMjAxOA,TCGA-LGG,cBioPortal z-score profile,-0.5226,-0.3171,0.328,-0.2281,-0.46931841299518595,20.61347273,0.0
VENHQS1GRy03NjQzOmxnZ190Y2dhX3Bhbl9jYW5fYXRsYXNfMjAxOA,TCGA-LGG,cBioPortal z-score profile,-0.5973,-0.3559,0.2825,1.7017,0.42963685071805124,20.0874511,0.0
VENHQS1GRy04MTg1OmxnZ190Y2dhX3Bhbl9jYW5fYXRsYXNfMjAxOA,TCGA-LGG,cBioPortal z-score profile,-0.0317,0.0753,-0.8613,-1.0283,-0.2614896359725867,14.23546043,0.0
VENHQS1GRy04MTg2OmxnZ190Y2dhX3Bhbl9jYW5fYXRsYXNfMjAxOA,TCGA-LGG,cBioPortal z-score profile,1.0724,0.2158,0.5636,-1.117,-0.29282060978019775,16.01078344,0.0
VENHQS1GRy04MTg3OmxnZ190Y2dhX3Bhbl9jYW5fYXRsYXNfMjAxOA,TCGA-LGG,cBioPortal z-score profile,-0.6094,-0.4488,-0.109,0.1507,-0.2671738828721993,20.0874511,0.0
VENHQS1GRy04MTg4OmxnZ190Y2dhX3Bhbl9jYW5fYXRsYXNfMjAxOA,TCGA-LGG,cBioPortal z-score profile,-0.1834,0.6166,0.4275,-0.2446,0.019491200181144544,14.95874018,0.0
VENHQS1GRy04MTg5OmxnZ190Y2dhX3Bhbl9jYW5fYXRsYXNfMjAxOA,TCGA-LGG,cBioPortal z-score profile,-2.5578,-2.0607,1.9687,0.0536,-2.058206688341977,22.52030115,0.0
VENHQS1GRy04MTgxOmxnZ190Y2dhX3Bhbl9jYW5fYXRsYXNfMjAxOA,TCGA-LGG,cBioPortal z-score profile,-2.1536,-2.0159,1.1398,0.2038,-1.663879356871911,28.33941546,0.0
VENHQS1GRy04MTgyOmxnZ190Y2dhX3Bhbl9jYW5fYXRsYXNfMjAxOA,TCGA-LGG,cBioPortal z-score profile,0.1558,0.2992,0.6945,-0.5913,-0.2698420996954053,13.67656245,0.0
VENHQS1GRy04MTkxOmxnZ190Y2dhX3Bhbl9jYW5fYXRsYXNfMjAxOA,TCGA-LGG,cBioPortal z-score profile,-1.0916,-1.3394,-0.9316,0.3965,-0.490948889971644,32.61334122,0.0
VENHQS1GRy1BNE1UOmxnZ190Y2dhX3Bhbl9jYW5fYXRsYXNfMjAxOA,TCGA-LGG,cBioPortal z-score profile,0.6485,0.3131,-2.0467,-0.2469,0.6810449716619831,38.26807378,0.0
VENHQS1GRy1BNE1VOmxnZ190Y2dhX3Bhbl9jYW5fYXRsYXNfMjAxOA,TCGA-LGG,cBioPortal z-score profile,1.711,1.3161,-0.31,3.1365,2.6296040712682807,10.71769077,0.0
VENHQS1GRy1BNE1XOmxnZ190Y2dhX3Bhbl9jYW5fYXRsYXNfMjAxOA,TCGA-LGG,cBioPortal z-score profile,1.5987,1.5307,-0.4056,1.8732,2.1170397164251584,18.37788079,1.0
VENHQS1GRy1BNE1YOmxnZ190Y2dhX3Bhbl9jYW5fYXRsYXNfMjAxOA,TCGA-LGG,cBioPortal z-score profile,1.0013,-0.8679,-1.7542,0.4834,0.5052861834321571,18.70664431,0.0
VENHQS1GRy1BNE1ZOmxnZ190Y2dhX3Bhbl9jYW5fYXRsYXNfMjAxOA,TCGA-LGG,cBioPortal z-score profile,1.4679,-0.5666,-2.4895,0.7203,1.0539343970490314,23.70384982,0.0
VENHQS1GRy1BNjBKOmxnZ190Y2dhX3Bhbl9jYW5fYXRsYXNfMjAxOA,TCGA-LGG,cBioPortal z-score profile,-0.1611,-0.1349,-0.4594,-0.2054,-0.09333478015596956,14.76148207,0.0
VENHQS1GRy1BNjBLOmxnZ190Y2dhX3Bhbl9jYW5fYXRsYXNfMjAxOA,TCGA-LGG,cBioPortal z-score profile,0.2256,-0.2642,0.1548,-0.5604,-0.3697847777434514,17.81898281,0.0
VENHQS1GRy1BNjBMOmxnZ190Y2dhX3Bhbl9jYW5fYXRsYXNfMjAxOA,TCGA-LGG,cBioPortal z-score profile,0.1178,-0.778,-2.9519,0.3803,0.5543492202065801,21.53401059,0.0
VENHQS1GRy1BNklaOmxnZ190Y2dhX3Bhbl9jYW5fYXRsYXNfMjAxOA,TCGA-LGG,cBioPortal z-score profile,-0.3952,-0.092,-1.693,-0.1006,0.20982775271540588,15.02449288,0.0
VENHQS1GRy1BNkoxOmxnZ190Y2dhX3Bhbl9jYW5fYXRsYXNfMjAxOA,TCGA-LGG,cBioPortal z-score profile,0.0631,-0.6502,-1.7702,0.1101,0.1887896034453061,16.43817602,0.0
VENHQS1GRy1BNkozOmxnZ190Y2dhX3Bhbl9jYW5fYXRsYXNfMjAxOA,TCGA-LGG,cBioPortal z-score profile,1.8088,0.5663,-2.6394,0.9898,1.8319986036786768,22.25729033,0.0
VENHQS1GRy1BNzBZOmxnZ190Y2dhX3Bhbl9jYW5fYXRsYXNfMjAxOA,TCGA-LGG,cBioPortal z-score profile,0.2511,-0.9007,-0.8792,0.2128,-0.04150550978380063,28.53667357,0.0
VENHQS1GRy1BNzBaOmxnZ190Y2dhX3Bhbl9jYW5fYXRsYXNfMjAxOA,TCGA-LGG,cBioPortal z-score profile,1.1274,1.17,0.3085,0.9423,1.2118903857168033,10.78344347,0.0
VENHQS1GRy1BNzEwOmxnZ190Y2dhX3Bhbl9jYW5fYXRsYXNfMjAxOA,TCGA-LGG,cBioPortal z-score profile,-0.0129,0.5098,0.3142,0.1282,0.21972271401267143,36.65713253,0.0
VENHQS1GRy1BNzExOmxnZ190Y2dhX3Bhbl9jYW5fYXRsYXNfMjAxOA,TCGA-LGG,cBioPortal z-score profile,0.8301,0.6881,-1.1327,-0.5181,0.554283339903495,48.68987737,1.0
VENHQS1GRy1BNzEzOmxnZ190Y2dhX3Bhbl9jYW5fYXRsYXNfMjAxOA,TCGA-LGG,cBioPortal z-score profile,-1.7276,-1.0801,0.3564,0.2921,-0.8914023911702075,20.44909097,0.0
VENHQS1GRy1BODdOOmxnZ190Y2dhX3Bhbl9jYW5fYXRsYXNfMjAxOA,TCGA-LGG,cBioPortal z-score profile,2.0065,1.9148,0.8509,0.2811,1.3380021384296616,18.64089161,0.0
VENHQS1GRy1BODdROmxnZ190Y2dhX3Bhbl9jYW5fYXRsYXNfMjAxOA,TCGA-LGG,cBioPortal z-score profile,0.3495,0.4891,-1.2423,2.8029,1.9565626237266047,5.720485255,0.0
VENHQS1GTi03ODMzOmxnZ190Y2dhX3Bhbl9jYW5fYXRsYXNfMjAxOA,TCGA-LGG,cBioPortal z-score profile,-0.512,0.306,0.0756,-1.3361,-0.6490196332144055,27.51750666,0.0
VENHQS1IVC03NDY3OmxnZ190Y2dhX3Bhbl9jYW5fYXRsYXNfMjAxOA,TCGA-LGG,cBioPortal z-score profile,-0.997,0.7178,1.0301,0.6511,0.14252781262479372,0.098629056,0.0
VENHQS1IVC03NDY4OmxnZ190Y2dhX3Bhbl9jYW5fYXRsYXNfMjAxOA,TCGA-LGG,cBioPortal z-score profile,-0.5384,0.8685,1.9145,-0.0007,-0.1921667756122246,6.673899464,0.0
VENHQS1IVC03NDY5OmxnZ190Y2dhX3Bhbl9jYW5fYXRsYXNfMjAxOA,TCGA-LGG,cBioPortal z-score profile,2.0664,1.5409,0.2194,0.5621,1.4651166779028257,11.53959957,1.0
VENHQS1IVC03NDc0OmxnZ190Y2dhX3Bhbl9jYW5fYXRsYXNfMjAxOA,TCGA-LGG,cBioPortal z-score profile,-0.661,-1.0786,0.8557,-0.1961,-0.9682341546539245,3.747904133,0.0
VENHQS1IVC03NDc1OmxnZ190Y2dhX3Bhbl9jYW5fYXRsYXNfMjAxOA,TCGA-LGG,cBioPortal z-score profile,-0.922,0.1475,-0.0405,-0.4429,-0.37240322192565956,17.42446658,0.0
VENHQS1IVC03NDc2OmxnZ190Y2dhX3Bhbl9jYW5fYXRsYXNfMjAxOA,TCGA-LGG,cBioPortal z-score profile,-0.4142,0.1665,0.6726,-0.1364,-0.25516029000480384,6.542394056,0.0
VENHQS1IVC03NDc3OmxnZ190Y2dhX3Bhbl9jYW5fYXRsYXNfMjAxOA,TCGA-LGG,cBioPortal z-score profile,1.5775,2.6841,-0.8207,-0.5213,1.5967380758806646,24.26274781,0.0
VENHQS1IVC03NDc4OmxnZ190Y2dhX3Bhbl9jYW5fYXRsYXNfMjAxOA,TCGA-LGG,cBioPortal z-score profile,0.3157,-0.7259,1.2176,-0.9184,-0.9850468811180564,6.378012296,0.0
VENHQS1IVC03NDc5OmxnZ190Y2dhX3Bhbl9jYW5fYXRsYXNfMjAxOA,TCGA-LGG,cBioPortal z-score profile,-0.6861,-1.308,0.1959,0.0322,-0.8146188548173019,40.33928395,0.0
VENHQS1IVC03NDcwOmxnZ190Y2dhX3Bhbl9jYW5fYXRsYXNfMjAxOA,TCGA-LGG,cBioPortal z-score profile,-0.5922,0.1113,0.6403,-0.0054,-0.2561992420808688,40.10914949,1.0
VENHQS1IVC03NDcxOmxnZ190Y2dhX3Bhbl9jYW5fYXRsYXNfMjAxOA,TCGA-LGG,cBioPortal z-score profile,0.2549,1.4446,0.9571,-0.4733,0.2808150247152247,0.131505408,0.0
VENHQS1IVC03NDcyOmxnZ190Y2dhX3Bhbl9jYW5fYXRsYXNfMjAxOA,TCGA-LGG,cBioPortal z-score profile,-0.2532,0.7576,0.8434,-0.9535,-0.3720450671560567,0.032876352,0.0
VENHQS1IVC03NDczOmxnZ190Y2dhX3Bhbl9jYW5fYXRsYXNfMjAxOA,TCGA-LGG,cBioPortal z-score profile,-0.265,-1.1398,0.5892,-0.9912,-1.2122505233576473,16.53680508,0.0
VENHQS1IVC03NDg1OmxnZ190Y2dhX3Bhbl9jYW5fYXRsYXNfMjAxOA,TCGA-LGG,cBioPortal z-score profile,-1.7841,-0.7971,0.2659,-1.2254,-1.4809643941170834,4.010914949,0.0
VENHQS1IVC03NDgwOmxnZ190Y2dhX3Bhbl9jYW5fYXRsYXNfMjAxOA,TCGA-LGG,cBioPortal z-score profile,0.4816,-0.3246,1.8468,0.2153,-0.36222448933312196,75.18821712,0.0
VENHQS1IVC03NDgxOmxnZ190Y2dhX3Bhbl9jYW5fYXRsYXNfMjAxOA,TCGA-LGG,cBioPortal z-score profile,-0.953,1.1223,0.6899,0.1066,0.16121902519050268,95.93319525,0.0
VENHQS1IVC03NDgyOmxnZ190Y2dhX3Bhbl9jYW5fYXRsYXNfMjAxOA,TCGA-LGG,cBioPortal z-score profile,-0.0699,0.0794,-0.1865,0.5797,0.3411117045673035,106.9467732,0.0
VENHQS1IVC03NDgzOmxnZ190Y2dhX3Bhbl9jYW5fYXRsYXNfMjAxOA,TCGA-LGG,cBioPortal z-score profile,-0.8398,0.8712,1.0471,-0.1337,-0.1261606492898997,172.76523,0.0
VENHQS1IVC03NjA0OmxnZ190Y2dhX3Bhbl9jYW5fYXRsYXNfMjAxOA,TCGA-LGG,cBioPortal z-score profile,-0.2761,1.1598,0.5164,-0.9306,-0.10274444062997085,122.4644114,0.0
VENHQS1IVC03NjA1OmxnZ190Y2dhX3Bhbl9jYW5fYXRsYXNfMjAxOA,TCGA-LGG,cBioPortal z-score profile,-0.9747,-0.5561,0.4574,0.0689,-0.5851855864855713,4.569812934,0.0
VENHQS1IVC03NjA2OmxnZ190Y2dhX3Bhbl9jYW5fYXRsYXNfMjAxOA,TCGA-LGG,cBioPortal z-score profile,-0.4331,1.4945,-2.9644,-0.8482,0.8794258441697431,17.29296117,0.0
VENHQS1IVC03NjA3OmxnZ190Y2dhX3Bhbl9jYW5fYXRsYXNfMjAxOA,TCGA-LGG,cBioPortal z-score profile,-1.5256,-0.926,0.9239,-0.1419,-1.110937207669761,3.156129796,1.0
VENHQS1IVC03NjA4OmxnZ190Y2dhX3Bhbl9jYW5fYXRsYXNfMjAxOA,TCGA-LGG,cBioPortal z-score profile,-0.1,-1.1389,0.1831,-0.5993,-0.8847015866841857,22.06003222,0.0
VENHQS1IVC03NjA5OmxnZ190Y2dhX3Bhbl9jYW5fYXRsYXNfMjAxOA,TCGA-LGG,cBioPortal z-score profile,-0.6621,0.0115,0.548,-0.3501,-0.46384578975755675,45.9940165,0.0
VENHQS1IVC03NjAxOmxnZ190Y2dhX3Bhbl9jYW5fYXRsYXNfMjAxOA,TCGA-LGG,cBioPortal z-score profile,0.4746,0.5599,0.3669,-0.3402,0.13165203360691963,5.030081862,0.0
VENHQS1IVC03NjAyOmxnZ190Y2dhX3Bhbl9jYW5fYXRsYXNfMjAxOA,TCGA-LGG,cBioPortal z-score profile,-0.136,-0.8919,-0.0826,0.6409,-0.12157411111596184,29.85172765,0.0
VENHQS1IVC03NjAzOmxnZ190Y2dhX3Bhbl9jYW5fYXRsYXNfMjAxOA,TCGA-LGG,cBioPortal z-score profile,-2.6813,-0.9749,-0.9789,0.6796,-0.5853780803545419,23.17782819,0.0
VENHQS1IVC03NjE2OmxnZ190Y2dhX3Bhbl9jYW5fYXRsYXNfMjAxOA,TCGA-LGG,cBioPortal z-score profile,-0.3464,-0.2669,-0.0916,0.4388,0.019058249974489544,0.230134464,1.0
VENHQS1IVC03NjEwOmxnZ190Y2dhX3Bhbl9jYW5fYXRsYXNfMjAxOA,TCGA-LGG,cBioPortal z-score profile,-0.9378,0.1532,1.391,-0.4645,-0.7247327560193786,56.08705658,0.0
VENHQS1IVC03NjExOmxnZ190Y2dhX3Bhbl9jYW5fYXRsYXNfMjAxOA,TCGA-LGG,cBioPortal z-score profile,-0.7415,-0.5365,1.0549,-0.9449,-1.1441836726902588,57.59936877,0.0
VENHQS1IVC03NjIwOmxnZ190Y2dhX3Bhbl9jYW5fYXRsYXNfMjAxOA,TCGA-LGG,cBioPortal z-score profile,0.1301,-0.602,0.5121,0.6432,-0.058860081430386624,14.26833679,0.0
VENHQS1IVC03Njc2OmxnZ190Y2dhX3Bhbl9jYW5fYXRsYXNfMjAxOA,TCGA-LGG,cBioPortal z-score profile,-0.7049,0.2311,0.4378,-1.0685,-0.6913794454339971,0.16438176,0.0
VENHQS1IVC03Njc3OmxnZ190Y2dhX3Bhbl9jYW5fYXRsYXNfMjAxOA,TCGA-LGG,cBioPortal z-score profile,0.1719,0.0139,0.739,-0.572,-0.39926922722670233,16.24091791,0.0
VENHQS1IVC03Njg0OmxnZ190Y2dhX3Bhbl9jYW5fYXRsYXNfMjAxOA,TCGA-LGG,cBioPortal z-score profile,-1.4284,-3.2348,-1.9578,0.3436,-1.2377708210423684,6.049248775,0.0
VENHQS1IVC03Njg2OmxnZ190Y2dhX3Bhbl9jYW5fYXRsYXNfMjAxOA,TCGA-LGG,cBioPortal z-score profile,0.7314,-0.1029,-0.184,-1.2649,-0.421668613240633,42.73925765,0.0
VENHQS1IVC03Njg3OmxnZ190Y2dhX3Bhbl9jYW5fYXRsYXNfMjAxOA,TCGA-LGG,cBioPortal z-score profile,-0.4244,0.2657,1.5018,-0.1376,-0.4096399328198729,0.098629056,0.0
VENHQS1IVC03Njg4OmxnZ190Y2dhX3Bhbl9jYW5fYXRsYXNfMjAxOA,TCGA-LGG,cBioPortal z-score profile,-2.6252,-0.1165,0.6902,-0.1699,-0.9773982816663863,31.69280337,0.0
VENHQS1IVC03Njg5OmxnZ190Y2dhX3Bhbl9jYW5fYXRsYXNfMjAxOA,TCGA-LGG,cBioPortal z-score profile,-0.5426,-0.3423,-0.3309,-0.202,-0.3169039128094267,14.95874018,0.0
VENHQS1IVC03NjgwOmxnZ190Y2dhX3Bhbl9jYW5fYXRsYXNfMjAxOA,TCGA-LGG,cBioPortal z-score profile,-0.6135,-1.6443,0.7125,-2.6668,-2.3689212214085034,0.756156097,0.0
VENHQS1IVC03NjgxOmxnZ190Y2dhX3Bhbl9jYW5fYXRsYXNfMjAxOA,TCGA-LGG,cBioPortal z-score profile,-1.183,-0.92,0.1868,-0.4265,-0.9808375863785116,44.67896242,0.0
VENHQS1IVC03Njk0OmxnZ190Y2dhX3Bhbl9jYW5fYXRsYXNfMjAxOA,TCGA-LGG,cBioPortal z-score profile,-1.7646,-0.2187,0.8481,-0.0764,-0.7953238668123834,6.904033928,0.0
VENHQS1IVC03Njk1OmxnZ190Y2dhX3Bhbl9jYW5fYXRsYXNfMjAxOA,TCGA-LGG,cBioPortal z-score profile,-1.0035,0.1312,1.3596,-0.5809,-0.8002403263381666,14.5313476,0.0
VENHQS1IVC03NjkwOmxnZ190Y2dhX3Bhbl9jYW5fYXRsYXNfMjAxOA,TCGA-LGG,cBioPortal z-score profile,0.1876,0.1032,-0.17,-0.2459,0.018794207485080497,0.098629056,0.0
VENHQS1IVC03NjkxOmxnZ190Y2dhX3Bhbl9jYW5fYXRsYXNfMjAxOA,TCGA-LGG,cBioPortal z-score profile,-0.4317,-1.7063,-0.3486,-0.0135,-0.8259616923111406,0.098629056,0.0
VENHQS1IVC03NjkyOmxnZ190Y2dhX3Bhbl9jYW5fYXRsYXNfMjAxOA,TCGA-LGG,cBioPortal z-score profile,0.7262,0.5616,-0.6375,0.2761,0.7318636061218201,2.958871684,0.0
VENHQS1IVC03NjkzOmxnZ190Y2dhX3Bhbl9jYW5fYXRsYXNfMjAxOA,TCGA-LGG,cBioPortal z-score profile,-0.2754,-0.3671,-0.7424,-1.1957,-0.6380399652952432,17.52309564,0.0
VENHQS1IVC03ODU0OmxnZ190Y2dhX3Bhbl9jYW5fYXRsYXNfMjAxOA,TCGA-LGG,cBioPortal z-score profile,-1.0745,-1.2171,-0.1967,0.1733,-0.7116960507553164,39.4844988,0.0
VENHQS1IVC03ODU1OmxnZ190Y2dhX3Bhbl9jYW5fYXRsYXNfMjAxOA,TCGA-LGG,cBioPortal z-score profile,-0.8324,-1.3611,1.0911,-1.0952,-1.630584493446481,19.23266594,0.0
VENHQS1IVC03ODU2OmxnZ190Y2dhX3Bhbl9jYW5fYXRsYXNfMjAxOA,TCGA-LGG,cBioPortal z-score profile,-1.2639,0.0418,0.8267,0.2545,-0.38153664463958364,39.08998258,0.0
VENHQS1IVC03ODU3OmxnZ190Y2dhX3Bhbl9jYW5fYXRsYXNfMjAxOA,TCGA-LGG,cBioPortal z-score profile,-0.2403,-0.2587,1.106,2.7261,0.8621925990048808,0.230134464,0.0
VENHQS1IVC03ODU4OmxnZ190Y2dhX3Bhbl9jYW5fYXRsYXNfMjAxOA,TCGA-LGG,cBioPortal z-score profile,0.0626,0.0524,0.4064,0.0774,-0.019109942921517277,50.62958214,0.0
VENHQS1IVC03ODYwOmxnZ190Y2dhX3Bhbl9jYW5fYXRsYXNfMjAxOA,TCGA-LGG,cBioPortal z-score profile,0.7378,0.5232,1.2094,0.3922,0.3333784267705572,0.493145281,0.0
VENHQS1IVC03ODc0OmxnZ190Y2dhX3Bhbl9jYW5fYXRsYXNfMjAxOA,TCGA-LGG,cBioPortal z-score profile,-1.7527,-0.7061,1.1997,-0.2361,-1.178411376136615,37.15027781,0.0
VENHQS1IVC03ODc1OmxnZ190Y2dhX3Bhbl9jYW5fYXRsYXNfMjAxOA,TCGA-LGG,cBioPortal z-score profile,-0.2041,0.0667,1.9299,-0.5834,-0.7606291183397651,0.32876352,0.0
VENHQS1IVC03ODc3OmxnZ190Y2dhX3Bhbl9jYW5fYXRsYXNfMjAxOA,TCGA-LGG,cBioPortal z-score profile,-0.083,0.071,1.3015,-0.2173,-0.4023272024330249,0.131505408,0.0
VENHQS1IVC03ODc5OmxnZ190Y2dhX3Bhbl9jYW5fYXRsYXNfMjAxOA,TCGA-LGG,cBioPortal z-score profile,0.9317,0.0489,-0.1003,-0.4541,0.06930345946003835,3.682151429,0.0
VENHQS1IVC03ODczOmxnZ190Y2dhX3Bhbl9jYW5fYXRsYXNfMjAxOA,TCGA-LGG,cBioPortal z-score profile,0.8155,0.1946,-0.457,-0.3985,0.21836118089738601,23.60522077,0.0
VENHQS1IVC03ODg0OmxnZ190Y2dhX3Bhbl9jYW5fYXRsYXNfMjAxOA,TCGA-LGG,cBioPortal z-score profile,-0.4665,-0.3324,-0.4031,-0.0517,-0.20341923955222266,11.27658875,0.0
VENHQS1IVC03ODgwOmxnZ190Y2dhX3Bhbl9jYW5fYXRsYXNfMjAxOA,TCGA-LGG,cBioPortal z-score profile,-1.0386,-0.6621,0.9448,0.4424,-0.5876597593022004,5.325969031,0.0
VENHQS1IVC03ODgxOmxnZ190Y2dhX3Bhbl9jYW5fYXRsYXNfMjAxOA,TCGA-LGG,cBioPortal z-score profile,-0.9649,-1.0428,0.6727,0.4722,-0.6660898633052554,35.47358385,0.0
VENHQS1IVC03ODgyOmxnZ190Y2dhX3Bhbl9jYW5fYXRsYXNfMjAxOA,TCGA-LGG,cBioPortal z-score profile,2.2528,-0.9783,1.1314,1.4873,0.5721585660426945,3.715027781,1.0
VENHQS1IVC03OTAyOmxnZ190Y2dhX3Bhbl9jYW5fYXRsYXNfMjAxOA,TCGA-LGG,cBioPortal z-score profile,-0.0014,-0.2583,0.3363,1.0579,0.3071983450289805,31.42979255,0.0
VENHQS1IVC04MDE1OmxnZ190Y2dhX3Bhbl9jYW5fYXRsYXNfMjAxOA,TCGA-LGG,cBioPortal z-score profile,-2.3439,-0.8692,0.6956,0.5493,-0.9101001873381453,0.098629056,0.0
VENHQS1IVC04MDE4OmxnZ190Y2dhX3Bhbl9jYW5fYXRsYXNfMjAxOA,TCGA-LGG,cBioPortal z-score profile,-0.8492,-0.6759,0.7973,0.0674,-0.689897059777088,37.87355755,1.0
VENHQS1IVC04MDE5OmxnZ190Y2dhX3Bhbl9jYW5fYXRsYXNfMjAxOA,TCGA-LGG,cBioPortal z-score profile,-2.2321,-1.9507,0.7214,0.3105,-1.5032233950566427,33.00785745,0.0
VENHQS1IVC04MDEwOmxnZ190Y2dhX3Bhbl9jYW5fYXRsYXNfMjAxOA,TCGA-LGG,cBioPortal z-score profile,-1.628,-1.1312,0.6583,-0.1314,-1.1642771087171757,1.643817602,0.0
VENHQS1IVC04MDExOmxnZ190Y2dhX3Bhbl9jYW5fYXRsYXNfMjAxOA,TCGA-LGG,cBioPortal z-score profile,2.699,2.7037,0.0765,1.9736,2.8783087892602226,16.24091791,0.0
VENHQS1IVC04MDEyOmxnZ190Y2dhX3Bhbl9jYW5fYXRsYXNfMjAxOA,TCGA-LGG,cBioPortal z-score profile,0.5439,-0.2325,0.1928,-0.3132,-0.16341567855240116,9.402636683,0.0
VENHQS1IVC04MDEzOmxnZ190Y2dhX3Bhbl9jYW5fYXRsYXNfMjAxOA,TCGA-LGG,cBioPortal z-score profile,1.4612,0.8838,1.1104,0.0208,0.5327449154068531,63.54998849,1.0
VENHQS1IVC04MTA0OmxnZ190Y2dhX3Bhbl9jYW5fYXRsYXNfMjAxOA,TCGA-LGG,cBioPortal z-score profile,0.9641,1.8048,0.6793,1.3592,1.5757064773073086,12.23000296,0.0
VENHQS1IVC04MTA1OmxnZ190Y2dhX3Bhbl9jYW5fYXRsYXNfMjAxOA,TCGA-LGG,cBioPortal z-score profile,-0.5895,0.2469,0.4164,-0.467,-0.36073343325295804,6.246506888,0.0
VENHQS1IVC04MTA2OmxnZ190Y2dhX3Bhbl9jYW5fYXRsYXNfMjAxOA,TCGA-LGG,cBioPortal z-score profile,-0.3729,-0.1852,0.7211,0.0461,-0.33155362639960984,0.098629056,0.0
VENHQS1IVC04MTA3OmxnZ190Y2dhX3Bhbl9jYW5fYXRsYXNfMjAxOA,TCGA-LGG,cBioPortal z-score profile,-2.6557,-1.4876,1.6156,0.6644,-1.440920469165809,0.460268929,0.0
VENHQS1IVC04MTA4OmxnZ190Y2dhX3Bhbl9jYW5fYXRsYXNfMjAxOA,TCGA-LGG,cBioPortal z-score profile,-0.5056,0.3399,1.6133,-1.9886,-1.3103464104268918,2.498602755,0.0
VENHQS1IVC04MTA5OmxnZ190Y2dhX3Bhbl9jYW5fYXRsYXNfMjAxOA,TCGA-LGG,cBioPortal z-score profile,-1.6118,-0.543,1.0076,-0.44,-1.1185087349793794,5.556103495,0.0
VENHQS1IVC04MTE0OmxnZ190Y2dhX3Bhbl9jYW5fYXRsYXNfMjAxOA,TCGA-LGG,cBioPortal z-score profile,-0.2362,0.3884,-0.3409,-1.3248,-0.43512243341355966,34.19140612,0.0
VENHQS1IVC04MTEwOmxnZ190Y2dhX3Bhbl9jYW5fYXRsYXNfMjAxOA,TCGA-LGG,cBioPortal z-score profile,-0.2199,1.3335,0.4466,0.5154,0.7022928941118388,13.77519151,0.0
VENHQS1IVC04MTExOmxnZ190Y2dhX3Bhbl9jYW5fYXRsYXNfMjAxOA,TCGA-LGG,cBioPortal z-score profile,0.4452,-0.1395,-0.149,0.1544,0.15975346671255164,0.230134464,0.0
VENHQS1IVC04MTEzOmxnZ190Y2dhX3Bhbl9jYW5fYXRsYXNfMjAxOA,TCGA-LGG,cBioPortal z-score profile,-2.2545,-1.1583,0.9901,0.1336,-1.290433837810217,29.58871684,0.0
VENHQS1IVC04NTU4OmxnZ190Y2dhX3Bhbl9jYW5fYXRsYXNfMjAxOA,TCGA-LGG,cBioPortal z-score profile,-3.1276,-2.0724,0.3645,0.7474,-1.496414345345646,13.74231515,0.0
VENHQS1IVC04NTY0OmxnZ190Y2dhX3Bhbl9jYW5fYXRsYXNfMjAxOA,TCGA-LGG,cBioPortal z-score profile,0.5227,0.4649,0.2223,0.6416,0.605235528603477,15.71489628,0.0
VENHQS1IVC04NTYzOmxnZ190Y2dhX3Bhbl9jYW5fYXRsYXNfMjAxOA,TCGA-LGG,cBioPortal z-score profile,-0.1331,-0.8473,-0.1952,-0.8448,-0.7858065397793113,28.27366275,0.0
VENHQS1IVC1BNERTOmxnZ190Y2dhX3Bhbl9jYW5fYXRsYXNfMjAxOA,TCGA-LGG,cBioPortal z-score profile,-0.0709,0.9315,-1.5719,1.4853,1.499682946445641,0.230134464,0.0
VENHQS1IVC1BNERWOmxnZ190Y2dhX3Bhbl9jYW5fYXRsYXNfMjAxOA,TCGA-LGG,cBioPortal z-score profile,-0.4285,-1.6436,-1.0752,0.9348,-0.1684811902860059,26.03807082,0.0
VENHQS1IVC1BNVI1OmxnZ190Y2dhX3Bhbl9jYW5fYXRsYXNfMjAxOA,TCGA-LGG,cBioPortal z-score profile,-0.3776,-1.6115,0.1405,-0.0635,-0.9083769493398247,0.131505408,0.0
VENHQS1IVC1BNVI3OmxnZ190Y2dhX3Bhbl9jYW5fYXRsYXNfMjAxOA,TCGA-LGG,cBioPortal z-score profile,-0.2889,-0.2775,0.2679,-0.2525,-0.3880322821721188,20.21895651,0.0
VENHQS1IVC1BNVI5OmxnZ190Y2dhX3Bhbl9jYW5fYXRsYXNfMjAxOA,TCGA-LGG,cBioPortal z-score profile,0.5502,1.446,0.641,-0.6862,0.3308033007636382,0.065752704,0.0
VENHQS1IVC1BNVJBOmxnZ190Y2dhX3Bhbl9jYW5fYXRsYXNfMjAxOA,TCGA-LGG,cBioPortal z-score profile,2.0376,1.0608,0.8706,0.6768,1.135218759917881,27.3531249,0.0
VENHQS1IVC1BNVJCOmxnZ190Y2dhX3Bhbl9jYW5fYXRsYXNfMjAxOA,TCGA-LGG,cBioPortal z-score profile,-0.8106,-0.6207,1.5119,-0.8144,-1.2471894655571998,0.098629056,0.0
VENHQS1IVC1BNVJDOmxnZ190Y2dhX3Bhbl9jYW5fYXRsYXNfMjAxOA,TCGA-LGG,cBioPortal z-score profile,1.7784,0.8808,-0.418,3.0972,2.4520644359741257,5.325969031,1.0
VENHQS1IVC1BNjE0OmxnZ190Y2dhX3Bhbl9jYW5fYXRsYXNfMjAxOA,TCGA-LGG,cBioPortal z-score profile,0.6482,-0.0425,-1.0481,0.0946,0.4423336313919632,2.695860867,0.0
VENHQS1IVC1BNjE1OmxnZ190Y2dhX3Bhbl9jYW5fYXRsYXNfMjAxOA,TCGA-LGG,cBioPortal z-score profile,-0.1986,-0.0202,-0.4105,-0.7035,-0.30033394023946025,16.9313213,0.0
VENHQS1IVC1BNjE2OmxnZ190Y2dhX3Bhbl9jYW5fYXRsYXNfMjAxOA,TCGA-LGG,cBioPortal z-score profile,-0.8816,-0.0415,0.3501,-0.3689,-0.5070186735578575,1.808199362,0.0
VENHQS1IVC1BNjE3OmxnZ190Y2dhX3Bhbl9jYW5fYXRsYXNfMjAxOA,TCGA-LGG,cBioPortal z-score profile,0.5541,-1.7704,-1.6433,3.2093,1.2522523942953734,16.14228885,0.0
VENHQS1IVC1BNjE4OmxnZ190Y2dhX3Bhbl9jYW5fYXRsYXNfMjAxOA,TCGA-LGG,cBioPortal z-score profile,0.6867,-0.3061,-0.9486,-0.1353,0.19616521961507777,16.83269224,0.0
VENHQS1IVC1BNjFBOmxnZ190Y2dhX3Bhbl9jYW5fYXRsYXNfMjAxOA,TCGA-LGG,cBioPortal z-score profile,-2.0062,-1.0857,0.8433,0.4128,-1.0238702424370534,6.378012296,0.0
VENHQS1IVC1BNjFCOmxnZ190Y2dhX3Bhbl9jYW5fYXRsYXNfMjAxOA,TCGA-LGG,cBioPortal z-score profile,0.6415,1.9639,-0.7128,-0.1689,1.1645628101341492,17.52309564,0.0
VENHQS1IVC1BNjFDOmxnZ190Y2dhX3Bhbl9jYW5fYXRsYXNfMjAxOA,TCGA-LGG,cBioPortal z-score profile,1.2766,2.1726,-1.5684,2.8689,3.085527311060628,17.65460105,1.0
VENHQS1IVC1BNzRIOmxnZ190Y2dhX3Bhbl9jYW5fYXRsYXNfMjAxOA,TCGA-LGG,cBioPortal z-score profile,0.074,-0.5704,-0.5147,0.9499,0.3326401168005455,2.432850051,0.0
VENHQS1IVC1BNzRKOmxnZ190Y2dhX3Bhbl9jYW5fYXRsYXNfMjAxOA,TCGA-LGG,cBioPortal z-score profile,2.0964,-0.4212,0.2482,-0.0306,0.27224777233236985,10.52043265,0.0
VENHQS1IVC1BNzRLOmxnZ190Y2dhX3Bhbl9jYW5fYXRsYXNfMjAxOA,TCGA-LGG,cBioPortal z-score profile,0.9615,-0.2664,-0.6919,1.5237,1.0199910949512558,15.3532564,0.0
VENHQS1IVC1BNzRMOmxnZ190Y2dhX3Bhbl9jYW5fYXRsYXNfMjAxOA,TCGA-LGG,cBioPortal z-score profile,0.2148,0.673,0.2523,-1.176,-0.2565223690049837,11.04645429,0.0
VENHQS1IVC1BNzRPOmxnZ190Y2dhX3Bhbl9jYW5fYXRsYXNfMjAxOA,TCGA-LGG,cBioPortal z-score profile,1.4135,0.3086,-1.7673,-0.276,0.7960344037720122,0.098629056,0.0
VENHQS1IVy03NDg2OmxnZ190Y2dhX3Bhbl9jYW5fYXRsYXNfMjAxOA,TCGA-LGG,cBioPortal z-score profile,-0.9662,-0.5325,0.6456,0.5034,-0.4084645896923325,56.58020186,0.0
VENHQS1IVy03NDg3OmxnZ190Y2dhX3Bhbl9jYW5fYXRsYXNfMjAxOA,TCGA-LGG,cBioPortal z-score profile,-1.0319,-1.6142,-0.0291,-0.0159,-1.0153738518170243,45.43511852,0.0
VENHQS1IVy03NDg5OmxnZ190Y2dhX3Bhbl9jYW5fYXRsYXNfMjAxOA,TCGA-LGG,cBioPortal z-score profile,-1.5836,-0.6645,0.1841,-0.3427,-0.9249923053295364,41.48995627,1.0
VENHQS1IVy03NDk1OmxnZ190Y2dhX3Bhbl9jYW5fYXRsYXNfMjAxOA,TCGA-LGG,cBioPortal z-score profile,-0.886,-0.6659,0.464,0.2451,-0.5302613061265355,35.4407075,0.0
VENHQS1IVy03NDkwOmxnZ190Y2dhX3Bhbl9jYW5fYXRsYXNfMjAxOA,TCGA-LGG,cBioPortal z-score profile,-1.336,-1.866,0.1191,-0.7603,-1.6028239295235054,45.59950028,0.0
VENHQS1IVy03NDkxOmxnZ190Y2dhX3Bhbl9jYW5fYXRsYXNfMjAxOA,TCGA-LGG,cBioPortal z-score profile,-0.4199,0.0568,1.1098,-0.0998,-0.3939371379648328,68.31705954,0.0
VENHQS1IVy03NDkzOmxnZ190Y2dhX3Bhbl9jYW5fYXRsYXNfMjAxOA,TCGA-LGG,cBioPortal z-score profile,-1.3829,-0.4333,1.006,-0.8097,-1.185465524470757,69.27047375,0.0
VENHQS1IVy04MzE5OmxnZ190Y2dhX3Bhbl9jYW5fYXRsYXNfMjAxOA,TCGA-LGG,cBioPortal z-score profile,0.5891,0.5143,0.7414,-0.7481,-0.1446163512526175,39.74750962,1.0
VENHQS1IVy04MzIwOmxnZ190Y2dhX3Bhbl9jYW5fYXRsYXNfMjAxOA,TCGA-LGG,cBioPortal z-score profile,-0.2524,-0.0924,1.1608,-1.1984,-0.9588041383483468,40.01052043,0.0
VENHQS1IVy04MzIxOmxnZ190Y2dhX3Bhbl9jYW5fYXRsYXNfMjAxOA,TCGA-LGG,cBioPortal z-score profile,-0.5895,-0.7783,0.7939,0.3686,-0.5250759752669567,42.54199954,0.0
VENHQS1IVy04MzIyOmxnZ190Y2dhX3Bhbl9jYW5fYXRsYXNfMjAxOA,TCGA-LGG,cBioPortal z-score profile,0.0215,1.3212,0.654,-0.7367,0.10915128995770246,24.92027485,0.0
VENHQS1IVy1BNUtKOmxnZ190Y2dhX3Bhbl9jYW5fYXRsYXNfMjAxOA,TCGA-LGG,cBioPortal z-score profile,0.3536,0.2928,-1.7022,0.0639,0.6625890178154247,31.62705066,1.0
VENHQS1IVy1BNUtLOmxnZ190Y2dhX3Bhbl9jYW5fYXRsYXNfMjAxOA,TCGA-LGG,cBioPortal z-score profile,0.5897,-0.7963,-0.4866,2.3023,1.002893334551343,12.75602459,1.0
VENHQS1IVy1BNUtMOmxnZ190Y2dhX3Bhbl9jYW5fYXRsYXNfMjAxOA,TCGA-LGG,cBioPortal z-score profile,0.0656,0.3985,0.7655,-0.8349,-0.3808014845982123,28.86543709,0.0
VENHQS1IVy1BNUtNOmxnZ190Y2dhX3Bhbl9jYW5fYXRsYXNfMjAxOA,TCGA-LGG,cBioPortal z-score profile,0.2389,-1.1612,0.4651,-1.4959,-1.3045802417360632,20.71210179,0.0
VENHQS1JSy03Njc1OmxnZ190Y2dhX3Bhbl9jYW5fYXRsYXNfMjAxOA,TCGA-LGG,cBioPortal z-score profile,1.5472,1.1651,1.0304,-0.0619,0.6647189603387418,19.00253148,1.0
VENHQS1JSy04MTI1OmxnZ190Y2dhX3Bhbl9jYW5fYXRsYXNfMjAxOA,TCGA-LGG,cBioPortal z-score profile,-0.3552,0.5803,1.1703,-0.5426,-0.36129149333113914,42.772134,0.0
VENHQS1LVC1BN1cxOmxnZ190Y2dhX3Bhbl9jYW5fYXRsYXNfMjAxOA,TCGA-LGG,cBioPortal z-score profile,1.6877,2.2041,0.628,2.7664,2.6346139198409384,14.39984219,0.0
VENHQS1LVC1BNzRYOmxnZ190Y2dhX3Bhbl9jYW5fYXRsYXNfMjAxOA,TCGA-LGG,cBioPortal z-score profile,0.9387,0.194,-0.1366,0.5481,0.6275955940798518,14.39984219,0.0
VENHQS1QNS1BNUVWOmxnZ190Y2dhX3Bhbl9jYW5fYXRsYXNfMjAxOA,TCGA-LGG,cBioPortal z-score profile,0.7068,-0.1893,-0.7854,-1.3894,-0.38470742387080337,0.230134464,0.0
VENHQS1QNS1BNUVXOmxnZ190Y2dhX3Bhbl9jYW5fYXRsYXNfMjAxOA,TCGA-LGG,cBioPortal z-score profile,-0.8291,-0.0704,1.1107,-0.8282,-0.9080478955724314,6.706775816,0.0
VENHQS1QNS1BNUVYOmxnZ190Y2dhX3Bhbl9jYW5fYXRsYXNfMjAxOA,TCGA-LGG,cBioPortal z-score profile,-0.3588,-1.7617,-0.6519,-0.188,-0.8443499594231877,7.988953546,0.0
VENHQS1QNS1BNUVZOmxnZ190Y2dhX3Bhbl9jYW5fYXRsYXNfMjAxOA,TCGA-LGG,cBioPortal z-score profile,-1.6438,-1.2757,0.7723,1.1366,-0.6544115745886793,2.367097347,0.0
VENHQS1QNS1BNUVaOmxnZ190Y2dhX3Bhbl9jYW5fYXRsYXNfMjAxOA,TCGA-LGG,cBioPortal z-score profile,0.4235,0.7851,-1.4308,0.0698,0.8471101729288176,2.301344643,0.0
VENHQS1QNS1BNUY0OmxnZ190Y2dhX3Bhbl9jYW5fYXRsYXNfMjAxOA,TCGA-LGG,cBioPortal z-score profile,-1.1801,0.0752,-0.0907,-0.4327,-0.4557172946856343,7.594437321,0.0
VENHQS1QNS1BNUY2OmxnZ190Y2dhX3Bhbl9jYW5fYXRsYXNfMjAxOA,TCGA-LGG,cBioPortal z-score profile,-1.7064,-2.9722,0.8047,-2.5656,-3.2400293127167634,1.28217773,0.0
VENHQS1QNS1BNUYwOmxnZ190Y2dhX3Bhbl9jYW5fYXRsYXNfMjAxOA,TCGA-LGG,cBioPortal z-score profile,-0.5239,-0.5661,1.7529,-0.3185,-0.9673941355860761,9.435513036,0.0
VENHQS1QNS1BNUYxOmxnZ190Y2dhX3Bhbl9jYW5fYXRsYXNfMjAxOA,TCGA-LGG,cBioPortal z-score profile,-0.0177,-1.4344,-2.8987,-1.5744,-0.7349084705352772,5.884867015,0.0
VENHQS1QNS1BNUYyOmxnZ190Y2dhX3Bhbl9jYW5fYXRsYXNfMjAxOA,TCGA-LGG,cBioPortal z-score profile,-0.607,-0.9875,-0.9937,0.1019,-0.3292147937395412,7.956077194,0.0
VENHQS1QNS1BNzJVOmxnZ190Y2dhX3Bhbl9jYW5fYXRsYXNfMjAxOA,TCGA-LGG,cBioPortal z-score profile,2.648,0.1547,-0.6162,2.6905,2.1920988178264946,0.230134464,0.0
VENHQS1QNS1BNzJXOmxnZ190Y2dhX3Bhbl9jYW5fYXRsYXNfMjAxOA,TCGA-LGG,cBioPortal z-score profile,0.195,-0.6948,-0.6211,-0.1176,-0.18037846711841876,10.4218036,0.0
VENHQS1QNS1BNzJYOmxnZ190Y2dhX3Bhbl9jYW5fYXRsYXNfMjAxOA,TCGA-LGG,cBioPortal z-score profile,0.5415,-1.0733,0.463,-0.4077,-0.6633861807389034,13.24916987,0.0
VENHQS1QNS1BNzJaOmxnZ190Y2dhX3Bhbl9jYW5fYXRsYXNfMjAxOA,TCGA-LGG,cBioPortal z-score profile,0.166,0.2361,0.3677,1.7291,0.8939898929213865,11.63822862,0.0
VENHQS1QNS1BNzM1OmxnZ190Y2dhX3Bhbl9jYW5fYXRsYXNfMjAxOA,TCGA-LGG,cBioPortal z-score profile,0.004,0.1314,-1.1836,-0.0767,0.30672656035257884,9.599894796,0.0
VENHQS1QNS1BNzM2OmxnZ190Y2dhX3Bhbl9jYW5fYXRsYXNfMjAxOA,TCGA-LGG,cBioPortal z-score profile,-0.2802,-1.2054,-0.3093,-0.2754,-0.689593121251786,7.561560969,0.0
VENHQS1QNS1BNzM3OmxnZ190Y2dhX3Bhbl9jYW5fYXRsYXNfMjAxOA,TCGA-LGG,cBioPortal z-score profile,0.4137,0.2715,-0.505,-0.5188,0.10400916851874459,12.23000296,0.0
VENHQS1QNS1BNzMwOmxnZ190Y2dhX3Bhbl9jYW5fYXRsYXNfMjAxOA,TCGA-LGG,cBioPortal z-score profile,-0.2403,0.2058,-0.3362,-0.0301,0.09890667426201422,10.94782523,0.0
VENHQS1QNS1BNzMxOmxnZ190Y2dhX3Bhbl9jYW5fYXRsYXNfMjAxOA,TCGA-LGG,cBioPortal z-score profile,-0.2579,0.03,0.1041,0.4096,0.11897880026179718,9.008120459,0.0
VENHQS1QNS1BNzMzOmxnZ190Y2dhX3Bhbl9jYW5fYXRsYXNfMjAxOA,TCGA-LGG,cBioPortal z-score profile,-0.6526,-0.3481,0.487,-1.3128,-1.0752231020285472,13.61080975,0.0
VENHQS1QNS1BNzdXOmxnZ190Y2dhX3Bhbl9jYW5fYXRsYXNfMjAxOA,TCGA-LGG,cBioPortal z-score profile,-0.468,-0.9704,1.2469,-0.7322,-1.2183905300487774,19.19978959,0.0
VENHQS1QNS1BNzdYOmxnZ190Y2dhX3Bhbl9jYW5fYXRsYXNfMjAxOA,TCGA-LGG,cBioPortal z-score profile,-0.1261,-0.0269,-0.386,-0.6291,-0.25487387402348277,3.452016964,0.0
VENHQS1QNS1BNzgwOmxnZ190Y2dhX3Bhbl9jYW5fYXRsYXNfMjAxOA,TCGA-LGG,cBioPortal z-score profile,-0.1818,0.2612,0.2939,0.2514,0.12478628599686102,2.367097347,0.0
VENHQS1QNS1BNzgxOmxnZ190Y2dhX3Bhbl9jYW5fYXRsYXNfMjAxOA,TCGA-LGG,cBioPortal z-score profile,-0.9109,-0.3532,0.2414,-0.225,-0.5642102974819175,4.405431173,0.0
VENHQS1RSC1BNjVSOmxnZ190Y2dhX3Bhbl9jYW5fYXRsYXNfMjAxOA,TCGA-LGG,cBioPortal z-score profile,-0.8452,0.572,-0.7586,-0.7638,-0.13885218300286564,15.15599829,0.0
VENHQS1RSC1BNjVTOmxnZ190Y2dhX3Bhbl9jYW5fYXRsYXNfMjAxOA,TCGA-LGG,cBioPortal z-score profile,0.198,0.0042,-1.3871,0.1125,0.4369835588096376,2.531479107,0.0
VENHQS1RSC1BNjVWOmxnZ190Y2dhX3Bhbl9jYW5fYXRsYXNfMjAxOA,TCGA-LGG,cBioPortal z-score profile,-1.0813,-0.9746,-1.9003,0.2123,-0.17707351094773788,12.62451918,0.0
VENHQS1RSC1BNjVYOmxnZ190Y2dhX3Bhbl9jYW5fYXRsYXNfMjAxOA,TCGA-LGG,cBioPortal z-score profile,0.3616,-0.0831,-1.353,-0.2304,0.2662070109452616,15.84640168,0.0
VENHQS1RSC1BNjVaOmxnZ190Y2dhX3Bhbl9jYW5fYXRsYXNfMjAxOA,TCGA-LGG,cBioPortal z-score profile,-0.2765,-1.1544,-0.8248,-0.384,-0.5944431726083376,14.03820232,0.0
VENHQS1RSC1BNkNTOmxnZ190Y2dhX3Bhbl9jYW5fYXRsYXNfMjAxOA,TCGA-LGG,cBioPortal z-score profile,0.5795,-0.2218,-1.4175,1.9025,1.2963047165282364,19.331295,0.0
VENHQS1RSC1BNkNVOmxnZ190Y2dhX3Bhbl9jYW5fYXRsYXNfMjAxOA,TCGA-LGG,cBioPortal z-score profile,-0.5913,-2.1419,-2.5429,0.6776,-0.21568974328633783,14.82723477,0.0
VENHQS1RSC1BNkNWOmxnZ190Y2dhX3Bhbl9jYW5fYXRsYXNfMjAxOA,TCGA-LGG,cBioPortal z-score profile,1.3099,1.159,-1.4108,2.5433,2.4306367862158726,14.5313476,0.0
VENHQS1RSC1BNkNXOmxnZ190Y2dhX3Bhbl9jYW5fYXRsYXNfMjAxOA,TCGA-LGG,cBioPortal z-score profile,0.5816,0.6256,-1.1503,0.3114,0.8631165399648921,13.61080975,0.0
VENHQS1RSC1BNkNYOmxnZ190Y2dhX3Bhbl9jYW5fYXRsYXNfMjAxOA,TCGA-LGG,cBioPortal z-score profile,0.5394,-1.5929,-0.6969,1.098,0.0931651449801254,12.23000296,1.0
VENHQS1RSC1BNkNZOmxnZ190Y2dhX3Bhbl9jYW5fYXRsYXNfMjAxOA,TCGA-LGG,cBioPortal z-score profile,-1.1876,-0.7818,0.2422,0.0815,-0.687537977575158,13.41355163,0.0
VENHQS1RSC1BNkNaOmxnZ190Y2dhX3Bhbl9jYW5fYXRsYXNfMjAxOA,TCGA-LGG,cBioPortal z-score profile,-0.4447,-0.6024,0.0984,-0.7344,-0.7696286444425854,9.172502219,0.0
VENHQS1RSC1BNlg0OmxnZ190Y2dhX3Bhbl9jYW5fYXRsYXNfMjAxOA,TCGA-LGG,cBioPortal z-score profile,0.925,-0.1538,-1.2816,0.3124,0.6221883851152614,14.5313476,0.0
VENHQS1RSC1BNlg1OmxnZ190Y2dhX3Bhbl9jYW5fYXRsYXNfMjAxOA,TCGA-LGG,cBioPortal z-score profile,-0.0306,-0.5027,-0.5228,0.4351,0.0920823649984688,16.33954696,0.0
VENHQS1RSC1BNlg4OmxnZ190Y2dhX3Bhbl9jYW5fYXRsYXNfMjAxOA,TCGA-LGG,cBioPortal z-score profile,0.3455,0.2667,-0.7276,0.7373,0.7394719624375301,16.73406319,0.0
VENHQS1RSC1BNlg5OmxnZ190Y2dhX3Bhbl9jYW5fYXRsYXNfMjAxOA,TCGA-LGG,cBioPortal z-score profile,-0.3489,0.4174,-0.9545,-1.036,-0.16631800733759305,1.906828418,0.0
VENHQS1RSC1BNlgzOmxnZ190Y2dhX3Bhbl9jYW5fYXRsYXNfMjAxOA,TCGA-LGG,cBioPortal z-score profile,-0.339,0.4986,0.5564,-0.6442,-0.29766361789979523,10.29029819,0.0
VENHQS1RSC1BNlhBOmxnZ190Y2dhX3Bhbl9jYW5fYXRsYXNfMjAxOA,TCGA-LGG,cBioPortal z-score profile,0.0644,0.2774,0.1827,-0.0163,0.09393795371920013,16.50392872,0.0
VENHQS1RSC1BNlhDOmxnZ190Y2dhX3Bhbl9jYW5fYXRsYXNfMjAxOA,TCGA-LGG,cBioPortal z-score profile,0.6999,1.0629,-0.9144,2.9041,2.283537455837025,16.70118684,0.0
VENHQS1RSC1BODZYOmxnZ190Y2dhX3Bhbl9jYW5fYXRsYXNfMjAxOA,TCGA-LGG,cBioPortal z-score profile,0.997,0.3087,1.0406,-0.8937,-0.2756141293874148,11.07933064,0.0
VENHQS1RSC1BODcwOmxnZ190Y2dhX3Bhbl9jYW5fYXRsYXNfMjAxOA,TCGA-LGG,cBioPortal z-score profile,-0.8262,-1.1072,-1.156,-1.7223,-1.2774465680012737,12.98615906,0.0
VENHQS1SOC1BNk1LOmxnZ190Y2dhX3Bhbl9jYW5fYXRsYXNfMjAxOA,TCGA-LGG,cBioPortal z-score profile,-0.2344,-0.0245,0.2562,-0.3002,-0.2767730625930839,88.83190321,0.0
VENHQS1SOC1BNk1MOmxnZ190Y2dhX3Bhbl9jYW5fYXRsYXNfMjAxOA,TCGA-LGG,cBioPortal z-score profile,0.1285,-0.9419,-0.0233,-0.1773,-0.4829279206473498,94.02636683,0.0
VENHQS1SOC1BNk1POmxnZ190Y2dhX3Bhbl9jYW5fYXRsYXNfMjAxOA,TCGA-LGG,cBioPortal z-score profile,0.3869,0.0645,-1.7177,0.556,0.8050212895066338,32.64621758,0.0
VENHQS1SWS1BODNYOmxnZ190Y2dhX3Bhbl9jYW5fYXRsYXNfMjAxOA,TCGA-LGG,cBioPortal z-score profile,0.278,0.1631,0.5528,-0.0333,-9.665644574531271e-05,30.87089457,0.0
VENHQS1SWS1BODNZOmxnZ190Y2dhX3Bhbl9jYW5fYXRsYXNfMjAxOA,TCGA-LGG,cBioPortal z-score profile,1.0057,-0.1345,-0.4335,-0.0183,0.29163561059992543,5.457474439,0.0
VENHQS1SWS1BODNaOmxnZ190Y2dhX3Bhbl9jYW5fYXRsYXNfMjAxOA,TCGA-LGG,cBioPortal z-score profile,0.155,1.5526,-3.584,-0.515,1.3653596056134547,9.895781964,0.0
VENHQS1SWS1BODQ1OmxnZ190Y2dhX3Bhbl9jYW5fYXRsYXNfMjAxOA,TCGA-LGG,cBioPortal z-score profile,-0.0434,-0.1253,-0.031,-0.9132,-0.4998226969130701,19.59430582,0.0
VENHQS1SWS1BODQ3OmxnZ190Y2dhX3Bhbl9jYW5fYXRsYXNfMjAxOA,TCGA-LGG,cBioPortal z-score profile,-0.665,-0.1909,0.1296,-0.5309,-0.5455859343277691,30.67363645,0.0
VENHQS1SWS1BODQwOmxnZ190Y2dhX3Bhbl9jYW5fYXRsYXNfMjAxOA,TCGA-LGG,cBioPortal z-score profile,0.2117,0.0425,-1.4769,-1.497,-0.2921710725805093,28.07640464,0.0
VENHQS1SWS1BODQzOmxnZ190Y2dhX3Bhbl9jYW5fYXRsYXNfMjAxOA,TCGA-LGG,cBioPortal z-score profile,0.279,0.7118,0.4154,-0.1114,0.2497489369330799,2.071210179,0.0
VENHQS1TOS1BN0lROmxnZ190Y2dhX3Bhbl9jYW5fYXRsYXNfMjAxOA,TCGA-LGG,cBioPortal z-score profile,-1.3616,-2.361,1.2234,0.0296,-1.7228087128186165,36.13111089,0.0
VENHQS1TOS1BN0lTOmxnZ190Y2dhX3Bhbl9jYW5fYXRsYXNfMjAxOA,TCGA-LGG,cBioPortal z-score profile,0.4557,2.4194,-0.3539,1.1062,1.8538204171021915,7.923200842,1.0
VENHQS1TOS1BN0lYOmxnZ190Y2dhX3Bhbl9jYW5fYXRsYXNfMjAxOA,TCGA-LGG,cBioPortal z-score profile,0.6274,0.681,0.3313,2.6571,1.6730083264925932,26.92573232,1.0
VENHQS1TOS1BN0lZOmxnZ190Y2dhX3Bhbl9jYW5fYXRsYXNfMjAxOA,TCGA-LGG,cBioPortal z-score profile,-0.3103,-1.4218,0.4755,-0.1623,-0.9301358039975668,23.50659171,0.0
VENHQS1TOS1BN0laOmxnZ190Y2dhX3Bhbl9jYW5fYXRsYXNfMjAxOA,TCGA-LGG,cBioPortal z-score profile,0.0691,-0.6408,-0.2766,-0.7623,-0.5789560050304298,19.98882204,0.0
VENHQS1TOS1BN0owOmxnZ190Y2dhX3Bhbl9jYW5fYXRsYXNfMjAxOA,TCGA-LGG,cBioPortal z-score profile,1.0995,1.7157,-3.6213,-1.214,1.3584812532488861,20.02169839,0.0
VENHQS1TOS1BN0oxOmxnZ190Y2dhX3Bhbl9jYW5fYXRsYXNfMjAxOA,TCGA-LGG,cBioPortal z-score profile,-0.0475,-0.507,1.0513,0.0199,-0.4878334428962063,8.186211658,0.0
VENHQS1TOS1BN0oyOmxnZ190Y2dhX3Bhbl9jYW5fYXRsYXNfMjAxOA,TCGA-LGG,cBioPortal z-score profile,0.7038,-0.1948,1.7247,-0.6297,-0.6208500432518712,2.038333827,0.0
VENHQS1TOS1BN0ozOmxnZ190Y2dhX3Bhbl9jYW5fYXRsYXNfMjAxOA,TCGA-LGG,cBioPortal z-score profile,0.4893,-0.5713,0.8174,0.2029,-0.23566151155500997,20.67922543,0.0
VENHQS1TOS1BN1FXOmxnZ190Y2dhX3Bhbl9jYW5fYXRsYXNfMjAxOA,TCGA-LGG,cBioPortal z-score profile,-0.3309,0.5482,-1.0639,-1.0189,-0.06681308247693829,15.05736923,0.0
VENHQS1TOS1BN1FYOmxnZ190Y2dhX3Bhbl9jYW5fYXRsYXNfMjAxOA,TCGA-LGG,cBioPortal z-score profile,0.2835,0.3851,0.3835,-0.4106,-0.036420741280332486,18.54226255,0.0
VENHQS1TOS1BN1FZOmxnZ190Y2dhX3Bhbl9jYW5fYXRsYXNfMjAxOA,TCGA-LGG,cBioPortal z-score profile,0.4732,-0.7846,-0.1967,0.2033,-0.09726170640183217,28.37229181,0.0
VENHQS1TOS1BN1FaOmxnZ190Y2dhX3Bhbl9jYW5fYXRsYXNfMjAxOA,TCGA-LGG,cBioPortal z-score profile,0.9951,0.1253,0.9582,-0.0697,0.05361598042522774,27.15586679,0.0
VENHQS1TOS1BN1I0OmxnZ190Y2dhX3Bhbl9jYW5fYXRsYXNfMjAxOA,TCGA-LGG,cBioPortal z-score profile,-0.71,-0.8377,0.6113,-0.3445,-0.8822366251349615,30.04898577,0.0
VENHQS1TOS1BN1I3OmxnZ190Y2dhX3Bhbl9jYW5fYXRsYXNfMjAxOA,TCGA-LGG,cBioPortal z-score profile,1.904,-1.234,0.0219,-0.3785,-0.2671971120249784,98.62905612,0.0
VENHQS1TOS1BN1I4OmxnZ190Y2dhX3Bhbl9jYW5fYXRsYXNfMjAxOA,TCGA-LGG,cBioPortal z-score profile,-0.0383,0.5912,-2.1158,0.3468,0.9337895236488276,31.59417431,1.0
VENHQS1TOS1BN1IxOmxnZ190Y2dhX3Bhbl9jYW5fYXRsYXNfMjAxOA,TCGA-LGG,cBioPortal z-score profile,-0.1593,-0.658,-0.6509,-0.7592,-0.5553662430251839,169.8392346,1.0
VENHQS1TOS1BN1IyOmxnZ190Y2dhX3Bhbl9jYW5fYXRsYXNfMjAxOA,TCGA-LGG,cBioPortal z-score profile,0.509,-0.465,-0.1987,1.0121,0.4484549639362292,10.38892725,1.0
VENHQS1TOS1BN1IzOmxnZ190Y2dhX3Bhbl9jYW5fYXRsYXNfMjAxOA,TCGA-LGG,cBioPortal z-score profile,0.0828,-0.1614,-0.9638,-0.7364,-0.1772946276421593,99.0564487,0.0
VENHQS1TOS1BNlRTOmxnZ190Y2dhX3Bhbl9jYW5fYXRsYXNfMjAxOA,TCGA-LGG,cBioPortal z-score profile,0.3011,-1.02,-1.04,-0.2068,-0.2468593064667711,62.16918171,1.0
VENHQS1TOS1BNlRVOmxnZ190Y2dhX3Bhbl9jYW5fYXRsYXNfMjAxOA,TCGA-LGG,cBioPortal z-score profile,-0.2481,-0.8513,0.2246,0.2499,-0.39227001281718354,87.12233291,0.0
VENHQS1TOS1BNlRWOmxnZ190Y2dhX3Bhbl9jYW5fYXRsYXNfMjAxOA,TCGA-LGG,cBioPortal z-score profile,0.6331,-0.1554,0.4521,0.3128,0.13385617057727667,18.77239702,0.0
VENHQS1TOS1BNlRXOmxnZ190Y2dhX3Bhbl9jYW5fYXRsYXNfMjAxOA,TCGA-LGG,cBioPortal z-score profile,0.2998,-0.0451,0.3073,0.0519,0.008276303045417367,41.09544005,0.0
VENHQS1TOS1BNlRYOmxnZ190Y2dhX3Bhbl9jYW5fYXRsYXNfMjAxOA,TCGA-LGG,cBioPortal z-score profile,0.1751,0.4301,0.6253,0.4829,0.32739578340827524,40.93105829,0.0
VENHQS1TOS1BNlRZOmxnZ190Y2dhX3Bhbl9jYW5fYXRsYXNfMjAxOA,TCGA-LGG,cBioPortal z-score profile,1.0543,0.66,0.5668,-0.3177,0.290947557045693,35.3749548,0.0
VENHQS1TOS1BNlRaOmxnZ190Y2dhX3Bhbl9jYW5fYXRsYXNfMjAxOA,TCGA-LGG,cBioPortal z-score profile,-0.5898,-0.7392,0.7012,-0.1546,-0.7358677919807795,36.82151429,0.0
VENHQS1TOS1BNlU1OmxnZ190Y2dhX3Bhbl9jYW5fYXRsYXNfMjAxOA,TCGA-LGG,cBioPortal z-score profile,0.4004,-0.5114,0.1515,0.4941,0.06720345924652477,32.61334122,0.0
VENHQS1TOS1BNlU2OmxnZ190Y2dhX3Bhbl9jYW5fYXRsYXNfMjAxOA,TCGA-LGG,cBioPortal z-score profile,-0.2456,-0.4004,-0.0396,0.3169,-0.0876287312891601,35.14482033,0.0
VENHQS1TOS1BNlU4OmxnZ190Y2dhX3Bhbl9jYW5fYXRsYXNfMjAxOA,TCGA-LGG,cBioPortal z-score profile,-0.5322,-0.2561,0.0699,-0.0516,-0.29748375810118277,98.2345399,1.0
VENHQS1TOS1BNlU5OmxnZ190Y2dhX3Bhbl9jYW5fYXRsYXNfMjAxOA,TCGA-LGG,cBioPortal z-score profile,-0.7005,-0.8548,-1.3169,0.7162,0.07962274153959492,95.93319525,0.0
VENHQS1TOS1BNlUwOmxnZ190Y2dhX3Bhbl9jYW5fYXRsYXNfMjAxOA,TCGA-LGG,cBioPortal z-score profile,1.6779,0.9153,-1.3131,1.229,1.7591810705818172,24.39425321,1.0
VENHQS1TOS1BNlUxOmxnZ190Y2dhX3Bhbl9jYW5fYXRsYXNfMjAxOA,TCGA-LGG,cBioPortal z-score profile,0.5065,1.1371,0.1919,-0.1499,0.5403373685010721,25.80793635,0.0
VENHQS1TOS1BNlUyOmxnZ190Y2dhX3Bhbl9jYW5fYXRsYXNfMjAxOA,TCGA-LGG,cBioPortal z-score profile,0.5793,-0.22,1.621,-0.9121,-0.7754242501470365,29.85172765,0.0
VENHQS1TOS1BNlVBOmxnZ190Y2dhX3Bhbl9jYW5fYXRsYXNfMjAxOA,TCGA-LGG,cBioPortal z-score profile,1.9295,0.7688,-0.1259,1.181,1.4507873873534307,5.851990663,1.0
VENHQS1TOS1BNlVCOmxnZ190Y2dhX3Bhbl9jYW5fYXRsYXNfMjAxOA,TCGA-LGG,cBioPortal z-score profile,-0.0962,0.5264,-0.2115,-0.4643,0.04684662997159683,123.64796,0.0
VENHQS1TOS1BNldEOmxnZ190Y2dhX3Bhbl9jYW5fYXRsYXNfMjAxOA,TCGA-LGG,cBioPortal z-score profile,0.2918,-0.1373,-0.5963,-0.3434,-0.011133691733849121,75.25396982,0.0
VENHQS1TOS1BNldFOmxnZ190Y2dhX3Bhbl9jYW5fYXRsYXNfMjAxOA,TCGA-LGG,cBioPortal z-score profile,-0.3381,-0.5555,-0.2404,-0.5291,-0.5413234799688051,135.2204359,0.0
VENHQS1TOS1BNldHOmxnZ190Y2dhX3Bhbl9jYW5fYXRsYXNfMjAxOA,TCGA-LGG,cBioPortal z-score profile,-0.5803,1.1034,0.434,0.9045,0.6921698869589206,85.54426801,0.0
VENHQS1TOS1BNldIOmxnZ190Y2dhX3Bhbl9jYW5fYXRsYXNfMjAxOA,TCGA-LGG,cBioPortal z-score profile,0.0621,-0.8971,-0.7652,-0.5642,-0.48834570302129326,38.56396094,0.0
VENHQS1TOS1BNldJOmxnZ190Y2dhX3Bhbl9jYW5fYXRsYXNfMjAxOA,TCGA-LGG,cBioPortal z-score profile,-2.5692,-1.3608,0.3875,0.7829,-1.0108369958820105,84.98537002,0.0
VENHQS1TOS1BNldMOmxnZ190Y2dhX3Bhbl9jYW5fYXRsYXNfMjAxOA,TCGA-LGG,cBioPortal z-score profile,0.2609,0.3689,1.1906,0.4452,0.1686208345390139,31.10102903,0.0
VENHQS1TOS1BNldNOmxnZ190Y2dhX3Bhbl9jYW5fYXRsYXNfMjAxOA,TCGA-LGG,cBioPortal z-score profile,1.4844,1.5782,-0.4746,2.7221,2.5330400125877146,19.85731663,0.0
VENHQS1TOS1BNldOOmxnZ190Y2dhX3Bhbl9jYW5fYXRsYXNfMjAxOA,TCGA-LGG,cBioPortal z-score profile,0.1671,-0.9234,-1.0374,0.7603,0.2264638452621536,26.46546339,0.0
VENHQS1TOS1BNldPOmxnZ190Y2dhX3Bhbl9jYW5fYXRsYXNfMjAxOA,TCGA-LGG,cBioPortal z-score profile,0.7003,0.4568,1.0378,-0.9807,-0.3246119537212353,18.60801526,0.0
VENHQS1TOS1BNldQOmxnZ190Y2dhX3Bhbl9jYW5fYXRsYXNfMjAxOA,TCGA-LGG,cBioPortal z-score profile,0.2895,0.2058,-0.6821,0.1668,0.41238694528611125,18.64089161,0.0
VENHQS1TOS1BNldROmxnZ190Y2dhX3Bhbl9jYW5fYXRsYXNfMjAxOA,TCGA-LGG,cBioPortal z-score profile,-0.3892,-0.1208,-0.8165,0.2066,0.13683101695235472,14.07107867,0.0
VENHQS1TOS1BODlWOmxnZ190Y2dhX3Bhbl9jYW5fYXRsYXNfMjAxOA,TCGA-LGG,cBioPortal z-score profile,0.7071,-1.4402,0.5617,0.3863,-0.43344345395667566,18.70664431,0.0
VENHQS1TOS1BODlaOmxnZ190Y2dhX3Bhbl9jYW5fYXRsYXNfMjAxOA,TCGA-LGG,cBioPortal z-score profile,3.0063,1.0726,-0.2901,0.3212,1.4963654502495334,20.48196732,0.0
VENHQS1UTS1BN0M0OmxnZ190Y2dhX3Bhbl9jYW5fYXRsYXNfMjAxOA,TCGA-LGG,cBioPortal z-score profile,-0.4839,-0.112,0.4542,-0.3506,-0.45301615853855065,48.3282375,0.0
VENHQS1UTS1BN0M1OmxnZ190Y2dhX3Bhbl9jYW5fYXRsYXNfMjAxOA,TCGA-LGG,cBioPortal z-score profile,-0.4818,0.2545,1.6239,-0.4555,-0.6111397972752225,49.31452806,0.0
VENHQS1UTS1BN0MzOmxnZ190Y2dhX3Bhbl9jYW5fYXRsYXNfMjAxOA,TCGA-LGG,cBioPortal z-score profile,2.5689,0.8555,-1.4528,2.7495,2.723846744485539,54.7720025,1.0
VENHQS1UTS1BN0NBOmxnZ190Y2dhX3Bhbl9jYW5fYXRsYXNfMjAxOA,TCGA-LGG,cBioPortal z-score profile,-0.209,0.266,0.4119,-0.5581,-0.29626307771397337,34.78318046,0.0
VENHQS1UTS1BN0NGOmxnZ190Y2dhX3Bhbl9jYW5fYXRsYXNfMjAxOA,TCGA-LGG,cBioPortal z-score profile,-0.408,-0.0958,0.756,-0.1826,-0.4171446358813438,65.39106421,0.0
VENHQS1UTS1BODRCOmxnZ190Y2dhX3Bhbl9jYW5fYXRsYXNfMjAxOA,TCGA-LGG,cBioPortal z-score profile,1.6862,1.4424,-0.7715,-1.0639,0.7773042645175204,24.92027485,1.0
VENHQS1UTS1BODRDOmxnZ190Y2dhX3Bhbl9jYW5fYXRsYXNfMjAxOA,TCGA-LGG,cBioPortal z-score profile,1.3384,-0.7759,0.4259,2.3055,0.990100038668072,16.1751652,1.0
VENHQS1UTS1BODRGOmxnZ190Y2dhX3Bhbl9jYW5fYXRsYXNfMjAxOA,TCGA-LGG,cBioPortal z-score profile,0.7987,-0.208,0.2932,-0.3215,-0.11414233718511904,59.04592826,0.0
VENHQS1UTS1BODRHOmxnZ190Y2dhX3Bhbl9jYW5fYXRsYXNfMjAxOA,TCGA-LGG,cBioPortal z-score profile,0.6292,-0.6212,0.4427,-0.1949,-0.3242977777727327,40.63517112,0.0
VENHQS1UTS1BODRIOmxnZ190Y2dhX3Bhbl9jYW5fYXRsYXNfMjAxOA,TCGA-LGG,cBioPortal z-score profile,0.085,-0.3238,0.2978,-1.6528,-0.9915699256377668,30.44350199,0.0
VENHQS1UTS1BODRJOmxnZ190Y2dhX3Bhbl9jYW5fYXRsYXNfMjAxOA,TCGA-LGG,cBioPortal z-score profile,1.1322,2.5531,-1.2022,-1.4977,1.0435898726360389,28.07640464,0.0
VENHQS1UTS1BODRKOmxnZ190Y2dhX3Bhbl9jYW5fYXRsYXNfMjAxOA,TCGA-LGG,cBioPortal z-score profile,0.5315,1.5396,0.8817,1.1247,1.1804909532150343,24.16411875,0.0
VENHQS1UTS1BODRMOmxnZ190Y2dhX3Bhbl9jYW5fYXRsYXNfMjAxOA,TCGA-LGG,cBioPortal z-score profile,0.7092,-0.5709,0.2535,-0.4176,-0.342111546791782,40.83242923,1.0
VENHQS1UTS1BODRNOmxnZ190Y2dhX3Bhbl9jYW5fYXRsYXNfMjAxOA,TCGA-LGG,cBioPortal z-score profile,0.5176,1.1599,1.352,-1.1961,-0.2238875003733577,24.78876944,0.0
VENHQS1UTS1BODRPOmxnZ190Y2dhX3Bhbl9jYW5fYXRsYXNfMjAxOA,TCGA-LGG,cBioPortal z-score profile,1.4532,0.0355,0.838,0.9018,0.6247135514533215,33.23799191,1.0
VENHQS1UTS1BODRROmxnZ190Y2dhX3Bhbl9jYW5fYXRsYXNfMjAxOA,TCGA-LGG,cBioPortal z-score profile,0.2684,-0.202,-0.4759,-0.2219,-0.017545155772377072,25.38054378,0.0
VENHQS1UTS1BODRSOmxnZ190Y2dhX3Bhbl9jYW5fYXRsYXNfMjAxOA,TCGA-LGG,cBioPortal z-score profile,-1.8764,-1.1591,0.9995,0.0668,-1.2274618252720628,18.60801526,0.0
VENHQS1UTS1BODRTOmxnZ190Y2dhX3Bhbl9jYW5fYXRsYXNfMjAxOA,TCGA-LGG,cBioPortal z-score profile,-0.4881,-0.0852,-0.4485,-0.5662,-0.3303240097391754,14.92586383,0.0
VENHQS1UTS1BODRUOmxnZ190Y2dhX3Bhbl9jYW5fYXRsYXNfMjAxOA,TCGA-LGG,cBioPortal z-score profile,0.2403,-0.4378,0.9904,-0.4603,-0.5972400841137924,23.80247888,0.0
VENHQS1UUS1BN1JGOmxnZ190Y2dhX3Bhbl9jYW5fYXRsYXNfMjAxOA,TCGA-LGG,cBioPortal z-score profile,-0.342,-1.1072,-3.1075,-0.3515,-0.03086411857419394,21.36962883,0.0
VENHQS1UUS1BN1JHOmxnZ190Y2dhX3Bhbl9jYW5fYXRsYXNfMjAxOA,TCGA-LGG,cBioPortal z-score profile,0.0205,-0.4337,0.5368,-0.6527,-0.6364405910436953,19.69293487,0.0
VENHQS1UUS1BN1JIOmxnZ190Y2dhX3Bhbl9jYW5fYXRsYXNfMjAxOA,TCGA-LGG,cBioPortal z-score profile,1.8647,-0.2591,0.3401,-0.5027,0.03932446276311852,15.97790709,0.0
VENHQS1UUS1BN1JJOmxnZ190Y2dhX3Bhbl9jYW5fYXRsYXNfMjAxOA,TCGA-LGG,cBioPortal z-score profile,0.8902,-0.6771,1.3759,0.1433,-0.34264775225888633,2.038333827,0.0
VENHQS1UUS1BN1JKOmxnZ190Y2dhX3Bhbl9jYW5fYXRsYXNfMjAxOA,TCGA-LGG,cBioPortal z-score profile,0.4376,0.1272,-0.1081,-0.9108,-0.23910595902275805,40.40503666,0.0
VENHQS1UUS1BN1JLOmxnZ190Y2dhX3Bhbl9jYW5fYXRsYXNfMjAxOA,TCGA-LGG,cBioPortal z-score profile,-0.1081,1.1918,-0.1598,-0.7979,0.17995392105005276,44.08718809,0.0
VENHQS1UUS1BN1JNOmxnZ190Y2dhX3Bhbl9jYW5fYXRsYXNfMjAxOA,TCGA-LGG,cBioPortal z-score profile,1.9825,2.809,0.5209,-1.8149,0.8197202218085737,36.69000888,0.0
VENHQS1UUS1BN1JOOmxnZ190Y2dhX3Bhbl9jYW5fYXRsYXNfMjAxOA,TCGA-LGG,cBioPortal z-score profile,0.3695,0.0214,1.0006,-1.2945,-0.7534729328285692,33.73113719,0.0
VENHQS1UUS1BN1JPOmxnZ190Y2dhX3Bhbl9jYW5fYXRsYXNfMjAxOA,TCGA-LGG,cBioPortal z-score profile,0.2378,-0.8372,1.0806,-0.5519,-0.8484124281111999,31.19965809,0.0
VENHQS1UUS1BN1JQOmxnZ190Y2dhX3Bhbl9jYW5fYXRsYXNfMjAxOA,TCGA-LGG,cBioPortal z-score profile,0.002,-2.0136,-0.1358,0.958,-0.4412030904665934,30.04898577,0.0
VENHQS1UUS1BN1JROmxnZ190Y2dhX3Bhbl9jYW5fYXRsYXNfMjAxOA,TCGA-LGG,cBioPortal z-score profile,0.8858,-0.9008,1.2688,-0.6137,-0.7850097936200757,26.13669987,0.0
VENHQS1UUS1BN1JSOmxnZ190Y2dhX3Bhbl9jYW5fYXRsYXNfMjAxOA,TCGA-LGG,cBioPortal z-score profile,-0.6979,-0.5629,-0.6819,0.3771,-0.09806161681043404,25.87368906,0.0
VENHQS1UUS1BN1JVOmxnZ190Y2dhX3Bhbl9jYW5fYXRsYXNfMjAxOA,TCGA-LGG,cBioPortal z-score profile,0.9224,0.4743,-0.0998,-0.6231,0.18293937419613793,33.92839531,0.0
VENHQS1UUS1BN1JWOmxnZ190Y2dhX3Bhbl9jYW5fYXRsYXNfMjAxOA,TCGA-LGG,cBioPortal z-score profile,0.0436,-0.5642,0.1122,-0.4575,-0.4963595816623384,61.41302561,0.0
VENHQS1UUS1BN1JXOmxnZ190Y2dhX3Bhbl9jYW5fYXRsYXNfMjAxOA,TCGA-LGG,cBioPortal z-score profile,0.6319,0.0089,0.0382,-1.3055,-0.4678578072165728,26.99148503,1.0
VENHQS1UUS1BOFhFOmxnZ190Y2dhX3Bhbl9jYW5fYXRsYXNfMjAxOA,TCGA-LGG,cBioPortal z-score profile,1.1898,-0.4117,-1.1322,0.2099,0.4863066579454967,31.36403985,1.0
VENHQS1WTS1BOEM4OmxnZ190Y2dhX3Bhbl9jYW5fYXRsYXNfMjAxOA,TCGA-LGG,cBioPortal z-score profile,0.0237,-0.2778,-1.2094,-0.6426,-0.14310489918016756,45.9282638,0.0
VENHQS1WTS1BOEM5OmxnZ190Y2dhX3Bhbl9jYW5fYXRsYXNfMjAxOA,TCGA-LGG,cBioPortal z-score profile,-0.8569,-3.7301,-1.7062,2.5062,-0.3426443830758519,43.19952658,0.0
VENHQS1WTS1BOENBOmxnZ190Y2dhX3Bhbl9jYW5fYXRsYXNfMjAxOA,TCGA-LGG,cBioPortal z-score profile,-1.9429,-2.0267,-1.6696,0.1671,-0.963770391607444,13.51218069,0.0
VENHQS1WTS1BOENCOmxnZ190Y2dhX3Bhbl9jYW5fYXRsYXNfMjAxOA,TCGA-LGG,cBioPortal z-score profile,-0.405,-1.8194,-2.7126,-0.2791,-0.4364964947442983,0.098629056,0.0
VENHQS1WTS1BOENEOmxnZ190Y2dhX3Bhbl9jYW5fYXRsYXNfMjAxOA,TCGA-LGG,cBioPortal z-score profile,0.3893,0.3523,-0.0653,1.8341,1.1588590342318537,7.89032449,1.0
VENHQS1WTS1BOENFOmxnZ190Y2dhX3Bhbl9jYW5fYXRsYXNfMjAxOA,TCGA-LGG,cBioPortal z-score profile,0.6408,-0.4925,0.5016,0.266,-0.054638292209160444,39.15573528,0.0
VENHQS1WTS1BOENGOmxnZ190Y2dhX3Bhbl9jYW5fYXRsYXNfMjAxOA,TCGA-LGG,cBioPortal z-score profile,0.5951,-1.9576,-1.5176,0.7042,-0.05512038943867226,20.02169839,0.0
VENHQS1WTS1BOENIOmxnZ190Y2dhX3Bhbl9jYW5fYXRsYXNfMjAxOA,TCGA-LGG,cBioPortal z-score profile,-0.4637,-0.9594,0.4193,0.2418,-0.548241349405643,23.47371536,0.0
VENHQS1WVi1BODI5OmxnZ190Y2dhX3Bhbl9jYW5fYXRsYXNfMjAxOA,TCGA-LGG,cBioPortal z-score profile,0.7086,-2.2399,-1.4924,0.4475,-0.28577149828396403,37.05164875,0.0
VENHQS1WVi1BODZNOmxnZ190Y2dhX3Bhbl9jYW5fYXRsYXNfMjAxOA,TCGA-LGG,cBioPortal z-score profile,-0.3532,-0.1571,-2.3317,-0.9272,-0.0539503392348894,16.01078344,0.0
VENHQS1WVy1BN1FTOmxnZ190Y2dhX3Bhbl9jYW5fYXRsYXNfMjAxOA,TCGA-LGG,cBioPortal z-score profile,0.4645,-0.805,0.6249,-1.8995,-1.3127734496330548,23.21070454,0.0
VENHQS1WVy1BOEZJOmxnZ190Y2dhX3Bhbl9jYW5fYXRsYXNfMjAxOA,TCGA-LGG,cBioPortal z-score profile,1.9789,1.4701,-1.6481,1.6859,2.3928599634442307,8.05470625,1.0
VENHQS1XOS1BODM3OmxnZ190Y2dhX3Bhbl9jYW5fYXRsYXNfMjAxOA,TCGA-LGG,cBioPortal z-score profile,-0.5834,-0.2369,0.8367,-0.6109,-0.7524156949311385,51.05697472,0.0
VENHQS1XSC1BODZLOmxnZ190Y2dhX3Bhbl9jYW5fYXRsYXNfMjAxOA,TCGA-LGG,cBioPortal z-score profile,0.0926,-0.6494,0.2036,-0.9092,-0.7615523185468974,13.31492258,0.0
VENHQS1XWS1BODU4OmxnZ190Y2dhX3Bhbl9jYW5fYXRsYXNfMjAxOA,TCGA-LGG,cBioPortal z-score profile,0.4861,-0.1234,-1.2894,0.2222,0.481574014227122,43.95568268,0.0
VENHQS1XWS1BODU5OmxnZ190Y2dhX3Bhbl9jYW5fYXRsYXNfMjAxOA,TCGA-LGG,cBioPortal z-score profile,-0.0234,-0.1637,-0.2636,0.1279,0.04211399922974213,39.87901502,0.0
VENHQS1XWS1BODVBOmxnZ190Y2dhX3Bhbl9jYW5fYXRsYXNfMjAxOA,TCGA-LGG,cBioPortal z-score profile,-0.265,-0.534,0.0628,-1.2241,-0.9178877466115483,43.39678469,0.0
VENHQS1XWS1BODVCOmxnZ190Y2dhX3Bhbl9jYW5fYXRsYXNfMjAxOA,TCGA-LGG,cBioPortal z-score profile,-0.3959,0.9653,0.571,-0.5923,-0.07459686004771673,45.79675839,0.0
VENHQS1XWS1BODVDOmxnZ190Y2dhX3Bhbl9jYW5fYXRsYXNfMjAxOA,TCGA-LGG,cBioPortal z-score profile,0.03,-0.3619,0.4701,-0.6069,-0.5628750518969801,46.88167801,0.0
VENHQS1XWS1BODVEOmxnZ190Y2dhX3Bhbl9jYW5fYXRsYXNfMjAxOA,TCGA-LGG,cBioPortal z-score profile,-0.1653,-0.1689,-1.9616,-0.5735,0.07065752848782408,37.70917579,0.0
VENHQS1XWS1BODVFOmxnZ190Y2dhX3Bhbl9jYW5fYXRsYXNfMjAxOA,TCGA-LGG,cBioPortal z-score profile,0.7675,0.0556,0.1063,-0.8549,-0.21132534994131502,20.81073084,0.0
CGGA_1006,CGGA-325 WHO II-III,cohort-internal z (n=325 reference),3.5151557743609483,0.19833805411036054,-0.057462630344868676,-0.49365411526884145,0.776373535839188,8.344969199178644,1.0
CGGA_1022,CGGA-325 WHO II-III,cohort-internal z (n=325 reference),-0.386367594354224,-0.664680049042767,0.6989241833516221,0.5065681065826346,-0.33121157150638064,17.018480492813143,0.0
CGGA_1034,CGGA-325 WHO II-III,cohort-internal z (n=325 reference),-0.1276932054819332,-0.6052322462127415,1.2908790810271364,0.9497748080320864,-0.1651599010181193,24.739219712525667,1.0
CGGA_1079,CGGA-325 WHO II-III,cohort-internal z (n=325 reference),-0.45951000775949247,-0.24034573229051656,-0.1067922051511616,0.21927023434870005,-0.09949095839641722,15.474332648870636,1.0
CGGA_1081,CGGA-325 WHO II-III,cohort-internal z (n=325 reference),0.28886175866758335,0.20858767528795108,0.5756002463358896,0.15681417516740986,0.109535642666997,7.096509240246407,1.0
CGGA_1140,CGGA-325 WHO II-III,cohort-internal z (n=325 reference),-1.159714819017245,-0.7507768669345278,-0.8220710398424084,-0.30674857520038806,-0.5989599614115544,30.258726899383984,1.0
CGGA_1145,CGGA-325 WHO II-III,cohort-internal z (n=325 reference),0.716120490632505,-0.3079932320626145,-0.28766731277423563,-0.0883836868035811,0.06815367606370781,7.852156057494867,1.0
CGGA_1263,CGGA-325 WHO II-III,cohort-internal z (n=325 reference),-0.6530698090880687,-0.7077284579886474,-1.1673780634864586,0.4482757846800972,-0.004004285312599649,25.363449691991786,1.0
CGGA_1280,CGGA-325 WHO II-III,cohort-internal z (n=325 reference),0.7036327615145322,0.6349719162757196,0.2919551911997057,-0.19201448129698095,0.314468265622389,14.685831622176591,1.0
CGGA_1281,CGGA-325 WHO II-III,cohort-internal z (n=325 reference),-1.0821125023555578,-0.8348237605907707,-0.11912459885273492,-0.5727651235651423,-0.9126715980328993,95.5728952772074,0.0
CGGA_1284,CGGA-325 WHO II-III,cohort-internal z (n=325 reference),0.6197865802938589,-0.23214603534844416,0.8016941308647322,-0.16749469509988182,-0.21863781438747598,3.186858316221766,1.0
CGGA_1292,CGGA-325 WHO II-III,cohort-internal z (n=325 reference),-1.0580290247708963,-0.3243926259467594,-0.6987471028266763,-0.6389222825497681,-0.563680588727053,95.31006160164272,0.0
CGGA_1340,CGGA-325 WHO II-III,cohort-internal z (n=325 reference),-0.8145183069704294,0.3992306291911361,1.315543868430283,-0.6315200829430968,-0.6409984237448909,36.435318275154,1.0
CGGA_1408,CGGA-325 WHO II-III,cohort-internal z (n=325 reference),0.3611121914215679,-0.7589765638766004,1.3237654642313317,1.6081079355504257,0.19763192325958792,44.747433264887064,1.0
CGGA_1411,CGGA-325 WHO II-III,cohort-internal z (n=325 reference),-0.5594118407032737,-0.6954289125755387,0.8016941308647322,0.2650713444149794,-0.5303923891176134,10.809034907597535,1.0
CGGA_235,CGGA-325 WHO II-III,cohort-internal z (n=325 reference),-0.5496000535391523,-0.40843951960300223,0.7523645560584397,-0.5847936979259833,-0.7906268657667251,76.8788501026694,1.0
CGGA_269,CGGA-325 WHO II-III,cohort-internal z (n=325 reference),-0.6316622734572584,-0.7651263365831547,0.9866800363883302,-0.4219453065792121,-0.9548061799411209,96.32854209445586,0.0
CGGA_276,CGGA-325 WHO II-III,cohort-internal z (n=325 reference),-0.7244282611907696,-0.6462307309231039,-0.8385142314445061,0.18457242369242777,-0.1986055535717946,17.37987679671458,0.0
CGGA_323,CGGA-325 WHO II-III,cohort-internal z (n=325 reference),-1.0375134697913697,-0.787675503173854,0.30017678700075473,-0.33404418624998894,-0.8645736204198202,142.52156057494867,0.0
CGGA_330,CGGA-325 WHO II-III,cohort-internal z (n=325 reference),-0.6949928996984055,-0.5785832311510061,0.4358331177180598,0.5690241657639248,-0.2784411688908769,36.82956878850103,1.0
CGGA_426,CGGA-325 WHO II-III,cohort-internal z (n=325 reference),0.9623071503868232,-0.6810794429269119,0.970236844786233,0.4274570982863339,-0.09311246024783756,51.252566735112936,1.0
CGGA_448,CGGA-325 WHO II-III,cohort-internal z (n=325 reference),0.07746234431333184,-0.6872292156334662,0.7934725350636835,1.5488903386970543,0.2554155908002718,11.630390143737166,1.0
CGGA_488,CGGA-325 WHO II-III,cohort-internal z (n=325 reference),-0.37031194263111633,1.0511065360858973,-0.5096503994025536,-0.7518058265515074,0.1523693735869053,14.291581108829568,1.0
CGGA_493,CGGA-325 WHO II-III,cohort-internal z (n=325 reference),-0.6949928996984055,-0.6031823219772234,0.0864152961734854,-0.09393533650858454,-0.5246331270402721,78.25872689938399,1.0
CGGA_541,CGGA-325 WHO II-III,cohort-internal z (n=325 reference),-0.9732908628989391,-0.8409735332973252,0.9990124300899039,-0.35763869749625404,-1.050258385609754,143.7700205338809,0.0
CGGA_564,CGGA-325 WHO II-III,cohort-internal z (n=325 reference),-0.10271774724598792,-0.1030008085108027,-0.2260053442663694,-0.2868551637574586,-0.1580574368928242,22.308008213552363,1.0
CGGA_565,CGGA-325 WHO II-III,cohort-internal z (n=325 reference),-0.7244282611907696,-0.5334848979696074,0.19329604158711988,0.45660325923760253,-0.2613478467506419,118.43942505133471,0.0
CGGA_578,CGGA-325 WHO II-III,cohort-internal z (n=325 reference),-0.034927217748422085,0.27623517506004897,0.5509354589327436,-0.045358401589803456,-0.0337775095445932,11.893223819301848,1.0
CGGA_599,CGGA-325 WHO II-III,cohort-internal z (n=325 reference),-0.5567358987494224,-0.37154088336367613,-0.20956215266427175,0.5764263653705963,0.010308158514502534,13.73305954825462,1.0
CGGA_616,CGGA-325 WHO II-III,cohort-internal z (n=325 reference),0.30759335234454244,-0.4350885346647378,-0.9700597642612871,0.6139000008793702,0.4028710320271829,31.277207392197127,1.0
CGGA_630,CGGA-325 WHO II-III,cohort-internal z (n=325 reference),-0.28735774206172654,-0.6974788368110568,0.27140120169708376,-0.6296695330414289,-0.7640159464757497,141.27310061601642,0.0
CGGA_633,CGGA-325 WHO II-III,cohort-internal z (n=325 reference),0.37181595923697314,-0.7610264881121184,0.6208190232416585,-0.8017706738965394,-0.7889489913349116,59.53182751540041,1.0
CGGA_638,CGGA-325 WHO II-III,cohort-internal z (n=325 reference),-0.6147146410828669,-0.648280655158622,0.7235889707547687,-0.3761441965129326,-0.8117173573120107,78.39014373716633,0.0
CGGA_643,CGGA-325 WHO II-III,cohort-internal z (n=325 reference),-0.3765558071901027,1.6455845643861515,-1.1016052970780679,-0.5463947874663754,0.6656509666528867,10.874743326488707,1.0
CGGA_659,CGGA-325 WHO II-III,cohort-internal z (n=325 reference),-0.9866705726681955,-0.7835756547028178,1.101782377603014,-0.36966727185709514,-1.057321106425568,23.983572895277206,0.0
CGGA_678,CGGA-325 WHO II-III,cohort-internal z (n=325 reference),-0.15088470241531096,-0.6749296702203575,0.5838218421369389,3.4531061875132787,1.1651730821853337,12.681724845995893,1.0
CGGA_727,CGGA-325 WHO II-III,cohort-internal z (n=325 reference),-0.05722673403051612,-0.14604921745668317,-0.6370851343188101,0.20816693493869284,0.16890107971860105,33.609856262833674,1.0
CGGA_766,CGGA-325 WHO II-III,cohort-internal z (n=325 reference),0.7526916973351392,0.065092978801683,1.183998335613502,-0.6680684435010369,-0.3775261192956986,134.80082135523614,0.0
CGGA_791,CGGA-325 WHO II-III,cohort-internal z (n=325 reference),0.2505065906623817,0.6985195675767812,-0.6124203469156637,-0.38771013339835675,0.348241850047748,8.279260780287474,1.0
CGGA_796,CGGA-325 WHO II-III,cohort-internal z (n=325 reference),-0.3194690455079419,-0.6052322462127415,-0.13145699255430823,0.4630801838934401,-0.10970056957760747,18.365503080082135,0.0
CGGA_807,CGGA-325 WHO II-III,cohort-internal z (n=325 reference),-1.1579308577146776,-0.8307239121197344,0.324841574403901,-0.16240568287029525,-0.8391775511445785,132.73100616016427,0.0
CGGA_871,CGGA-325 WHO II-III,cohort-internal z (n=325 reference),-0.31857706485665815,-0.7200280034017561,1.8746123829016021,-0.5672134738601388,-1.1339614572609327,130.23408624229978,0.0
CGGA_D11,CGGA-325 WHO II-III,cohort-internal z (n=325 reference),0.34059663644204136,-0.08865133886217591,-0.08212741774801532,1.5544419884020582,0.8117777042626999,27.170431211498972,1.0
CGGA_D16,CGGA-325 WHO II-III,cohort-internal z (n=325 reference),2.0201962028093643,-0.5990824735061872,-0.6206419427167124,1.5354738519099627,1.127785829924784,8.574948665297741,1.0
CGGA_D44,CGGA-325 WHO II-III,cohort-internal z (n=325 reference),-0.03403523709713834,0.11019131198308153,1.0360096111946235,0.33585487815377496,-0.04310637779596699,10.283367556468173,1.0
CGGA_D58,CGGA-325 WHO II-III,cohort-internal z (n=325 reference),-0.9982663211348843,-0.648280655158622,-0.27533491907266233,-0.21329580516616134,-0.5950146560342073,5.946611909650924,1.0
CGGA_J030,CGGA-325 WHO II-III,cohort-internal z (n=325 reference),-0.517488750092937,-0.5109357313789081,1.5128621676554548,-0.7078552663868958,-1.0697740084565603,111.34291581108829,0.0
CGGA_J130,CGGA-325 WHO II-III,cohort-internal z (n=325 reference),-1.0696247732375852,-0.8368736848262888,-0.1807865673606008,-0.2715881270686988,-0.7513051815286,102.37371663244353,0.0
CGGA_1005,CGGA-325 WHO II-III,cohort-internal z (n=325 reference),-0.6655575382060414,-0.3653911106571218,0.6167082253411342,-0.7161827409444012,-0.8313420464810085,125.3388090349076,0.0
CGGA_1013,CGGA-325 WHO II-III,cohort-internal z (n=325 reference),-0.2971695292258479,-0.29979353512054197,0.6701485980479511,-0.6972146044523057,-0.709446305281338,56.6735112936345,1.0
CGGA_1020,CGGA-325 WHO II-III,cohort-internal z (n=325 reference),-0.4184788978004394,-0.6626301248072489,-0.5055396015020289,-0.23457712903534164,-0.40742869020822603,36.79671457905544,1.0
CGGA_1027,CGGA-325 WHO II-III,cohort-internal z (n=325 reference),-0.2614903031744974,-0.6749296702203575,-0.4315452392925897,-0.6717695433043727,-0.5998517765562718,88.31211498973306,0.0
CGGA_1031,CGGA-325 WHO II-III,cohort-internal z (n=325 reference),-0.4853774466467215,-0.6072821704482596,1.3813166348386736,-0.641235469926853,-1.042906704918854,80.72279260780287,1.0
CGGA_1046,CGGA-325 WHO II-III,cohort-internal z (n=325 reference),-0.44791425929280354,-0.7651263365831547,0.17274205208449792,-0.769386050617352,-0.8803532006975839,116.92813141683779,0.0
CGGA_1061,CGGA-325 WHO II-III,cohort-internal z (n=325 reference),-0.2846818001078752,0.19423820563932437,-1.2167076382927513,-0.8711662952090841,-0.1117683386423805,17.478439425051334,1.0
CGGA_1094,CGGA-325 WHO II-III,cohort-internal z (n=325 reference),0.8793529498174335,0.17783881175517943,-1.6647846094499117,-0.8087102360277939,0.31768270262612996,8.279260780287474,1.0
CGGA_1113,CGGA-325 WHO II-III,cohort-internal z (n=325 reference),0.9435755567098643,0.41972987154631725,1.130557962906685,0.8831550115720432,0.5927224998830302,41.5605749486653,1.0
CGGA_1146,CGGA-325 WHO II-III,cohort-internal z (n=325 reference),-0.5647637246109763,-0.16859838404738253,-0.2671133232716133,-0.6893497673702172,-0.4909794894828207,82.06981519507187,0.0
CGGA_1160,CGGA-325 WHO II-III,cohort-internal z (n=325 reference),-0.07239040510234006,0.33978282636111073,-0.34110768548105286,-0.3816958462179362,0.03692920628820658,13.995893223819301,1.0
CGGA_1189,CGGA-325 WHO II-III,cohort-internal z (n=325 reference),-0.26773416773348374,-0.41663921654507474,1.4717541886502108,-0.679634380386461,-0.9382727684488212,101.25667351129364,0.0
CGGA_1190,CGGA-325 WHO II-III,cohort-internal z (n=325 reference),-0.554951937446855,0.048693584917538044,3.580593511619231,-0.5986728221884924,-1.259555377682647,101.25667351129364,0.0
CGGA_1215,CGGA-325 WHO II-III,cohort-internal z (n=325 reference),0.18717596442123452,-0.15219899016323757,-0.5836447616119929,-0.14760128365695238,0.04583101464763448,0.9527720739219713,1.0
CGGA_1231,CGGA-325 WHO II-III,cohort-internal z (n=325 reference),-0.2721940709899026,-0.8102246697645533,-0.02868704504119808,-0.448778280153396,-0.6542349674108107,74.87474332648871,1.0
CGGA_1307,CGGA-325 WHO II-III,cohort-internal z (n=325 reference),0.3682480366318382,0.17783881175517943,-1.0235001369681045,-0.7374640648135815,0.06734563383048506,31.704312114989733,0.0
CGGA_1322,CGGA-325 WHO II-III,cohort-internal z (n=325 reference),-0.6637735769034737,0.017944721384766205,-1.455133916523167,-0.6324453578939306,-0.12016514112223652,8.31211498973306,1.0
CGGA_1329,CGGA-325 WHO II-III,cohort-internal z (n=325 reference),-0.2650582257796325,0.36643184142284624,-1.0152785411670555,-0.7786388001256913,-0.030428165861785213,10.710472279260781,1.0
CGGA_1330,CGGA-325 WHO II-III,cohort-internal z (n=325 reference),-0.44880623994408725,0.06714290303720107,-1.496241895528411,-0.3372826485779077,0.10945701317014994,93.50308008213553,0.0
CGGA_1374,CGGA-325 WHO II-III,cohort-internal z (n=325 reference),0.03553925370299515,-0.7138782306952017,-1.0193893390675797,-0.6944387795998038,-0.412254616213206,4.632443531827516,1.0
CGGA_1388,CGGA-325 WHO II-III,cohort-internal z (n=325 reference),-0.22759503842571455,-0.7999750485869628,-1.1673780634864586,-0.7666102257648503,-0.5195011222120466,15.93429158110883,1.0
CGGA_1406,CGGA-325 WHO II-III,cohort-internal z (n=325 reference),-0.34979638765158977,-0.3366921713598681,-0.05335183244434436,-0.6606662438943655,-0.550499939961335,70.76796714579055,1.0
CGGA_236,CGGA-325 WHO II-III,cohort-internal z (n=325 reference),0.6072988511758862,-0.5560340645603067,1.196330729315075,0.19012407339743137,-0.29439092735749417,23.195071868583163,0.0
CGGA_241,CGGA-325 WHO II-III,cohort-internal z (n=325 reference),-0.9153121205654945,-0.8184243667066258,1.5745241361633209,-0.36133979729958976,-1.1635189778095267,157.9958932238193,0.0
CGGA_245,CGGA-325 WHO II-III,cohort-internal z (n=325 reference),0.23801886154440896,-0.17269823251841876,-1.5949010451409968,-0.6324453578939306,0.05752015637122142,10.447638603696099,1.0
CGGA_251,CGGA-325 WHO II-III,cohort-internal z (n=325 reference),-0.7654593711498227,-0.5765333069154879,0.06175050877033912,-0.2165342674940801,-0.5833944834169731,42.677618069815196,0.0
CGGA_252,CGGA-325 WHO II-III,cohort-internal z (n=325 reference),-0.6949928996984055,-0.4596876254909552,-0.40688045188944344,-0.6722321807797895,-0.618078996571041,5.420944558521561,0.0
CGGA_254,CGGA-325 WHO II-III,cohort-internal z (n=325 reference),-0.6379061380162447,-0.8122745940000714,-1.179710457188032,0.0004427084764760696,-0.26036948275894617,157.47022587268995,0.0
CGGA_256,CGGA-325 WHO II-III,cohort-internal z (n=325 reference),-0.7146164740266482,-0.664680049042767,0.7318105665558173,-0.5732277610405593,-0.9415742736536022,5.190965092402464,0.0
CGGA_261,CGGA-325 WHO II-III,cohort-internal z (n=325 reference),-0.5130288468365182,-0.44943800431336456,1.056563600697245,-0.5241881886463611,-0.8434932046153895,135.68788501026694,0.0
CGGA_267,CGGA-325 WHO II-III,cohort-internal z (n=325 reference),-0.207079483446188,-0.385890353012303,-0.263002525371089,-0.6916629547473021,-0.5014525183443636,45.14168377823409,1.0
CGGA_273,CGGA-325 WHO II-III,cohort-internal z (n=325 reference),-0.6361221767136772,-0.5847330038575603,0.14807726468135166,-0.6680684435010369,-0.7908667107340976,86.57084188911705,1.0
CGGA_283,CGGA-325 WHO II-III,cohort-internal z (n=325 reference),-0.49964913706726166,-0.7261777761083105,0.2878443932991814,-0.6569651440910298,-0.8491262533915698,114.00410677618069,1.0
CGGA_300,CGGA-325 WHO II-III,cohort-internal z (n=325 reference),-0.43721049147739843,-0.19524739910911804,0.2056284352886932,-0.09578588641025253,-0.2982288699741103,72.24640657084188,1.0
CGGA_314,CGGA-325 WHO II-III,cohort-internal z (n=325 reference),-0.5415722276775985,-0.7364273972859011,0.4728302988227794,-0.27852768919995324,-0.7272331157096725,84.36960985626284,1.0
CGGA_333,CGGA-325 WHO II-III,cohort-internal z (n=325 reference),-0.7056966675138107,-0.4986361859657994,0.11930167937768069,-0.5801673231718137,-0.7199208252101855,58.57905544147844,0.0
CGGA_337,CGGA-325 WHO II-III,cohort-internal z (n=325 reference),-0.7137244933753645,-0.6933789883400205,2.2199194065456522,-0.4769991661538308,-1.2625042099686847,33.1170431211499,1.0
CGGA_400,CGGA-325 WHO II-III,cohort-internal z (n=325 reference),-0.2953855679232804,-0.6441808066875857,0.3289523723044253,-0.5561101744501317,-0.7197983512758979,43.40041067761807,1.0
CGGA_431,CGGA-325 WHO II-III,cohort-internal z (n=325 reference),-0.5424642083288823,1.1556526720973217,-0.8919546041513233,-0.30119692549538446,0.4634157034076751,148.33675564681724,0.0
CGGA_446,CGGA-325 WHO II-III,cohort-internal z (n=325 reference),-0.44167039473381714,-0.5867829280930785,-0.678193113324054,-0.7897420995356985,-0.6034042410115927,148.10677618069815,0.0
CGGA_458,CGGA-325 WHO II-III,cohort-internal z (n=325 reference),-0.6878570544881354,0.06099313033064667,0.3618387555086206,-0.5315903882530325,-0.4902977666937962,13.765913757700206,1.0
CGGA_479,CGGA-325 WHO II-III,cohort-internal z (n=325 reference),-0.6691254608111764,-0.6318812612744771,-0.07390582194696632,-0.23550240398617556,-0.5610064274011611,146.03696098562628,0.0
CGGA_485,CGGA-325 WHO II-III,cohort-internal z (n=325 reference),-0.7485117387754312,-0.6421308824520676,-0.07390582194696632,-0.7735497878961047,-0.8442637009249397,80.06570841889118,0.0
CGGA_490,CGGA-325 WHO II-III,cohort-internal z (n=325 reference),-0.7467277774728637,-0.68312936716243,-0.35755087708315053,-0.4885651030392549,-0.6586733625092904,124.97741273100615,0.0
CGGA_501,CGGA-325 WHO II-III,cohort-internal z (n=325 reference),-0.7030207255599593,-0.5437345191471981,0.5838218421369389,-0.4441519053992263,-0.7854149628370869,145.44558521560575,0.0
CGGA_502,CGGA-325 WHO II-III,cohort-internal z (n=325 reference),-0.8136263263191458,-0.5191354283209806,-0.20134055686322314,-0.8272157350444725,-0.7994781719185264,145.01848049281315,0.0
CGGA_510,CGGA-325 WHO II-III,cohort-internal z (n=325 reference),-0.6735853640675952,-0.6872292156334662,0.6907025875505735,-0.7388519772398324,-1.0110775141528878,144.6570841889117,0.0
CGGA_543,CGGA-325 WHO II-III,cohort-internal z (n=325 reference),-0.6967768610009729,-0.6503305793941401,-0.6247527406172367,-0.5098464269084353,-0.5772150597372958,143.60574948665297,0.0
CGGA_551,CGGA-325 WHO II-III,cohort-internal z (n=325 reference),-0.7056966675138107,-0.6810794429269119,0.7194781728542444,-0.7379267022889985,-1.022918360205208,143.3429158110883,0.0
CGGA_560,CGGA-325 WHO II-III,cohort-internal z (n=325 reference),-0.44880623994408725,-0.11530035392391141,1.1182255692051113,-0.731449777633161,-0.7860789411454091,143.04722792607802,0.0
CGGA_580,CGGA-325 WHO II-III,cohort-internal z (n=325 reference),-0.6370141573649609,-0.48838656478820885,0.2796227974981324,-0.5732277610405593,-0.7322487289505627,45.79876796714579,1.0
CGGA_591,CGGA-325 WHO II-III,cohort-internal z (n=325 reference),-0.5041090403236805,-0.6585302763362125,-0.24655933376899136,-0.8165750731098823,-0.7683298289028045,54.340862422997944,1.0
CGGA_598,CGGA-325 WHO II-III,cohort-internal z (n=325 reference),-0.3587161941644274,-0.4350885346647378,0.2631796058960348,-0.7152574659935672,-0.6998918754288375,120.80492813141684,1.0
CGGA_601,CGGA-325 WHO II-III,cohort-internal z (n=325 reference),-0.85733337823205,-0.7261777761083105,0.01653173186457052,-0.6592783314681147,-0.8780349767991886,37.223819301848046,1.0
CGGA_603,CGGA-325 WHO II-III,cohort-internal z (n=325 reference),-0.2052955221436205,-0.3633411864216036,-0.46032082459626067,-0.7115563661902315,-0.45313928697029465,5.519507186858316,0.0
CGGA_605,CGGA-325 WHO II-III,cohort-internal z (n=325 reference),1.7757935043576136,-0.22599626264188977,-0.7110794965282492,1.2305957556101832,1.1129511758815294,141.27310061601642,0.0
CGGA_607,CGGA-325 WHO II-III,cohort-internal z (n=325 reference),-0.4532661432005061,0.007695100207175653,0.5838218421369389,-0.8151871606836314,-0.6432422603590084,45.634496919917865,0.0
CGGA_632,CGGA-325 WHO II-III,cohort-internal z (n=325 reference),2.3297134888048294,-0.31414300476916884,-0.7357442839313959,-0.7661475882894333,0.2634560226374311,18.924024640657084,1.0
CGGA_635,CGGA-325 WHO II-III,cohort-internal z (n=325 reference),-0.5299764792109095,-0.5642337615023791,0.01653173186457052,-0.5718398486143085,-0.6765234687140761,140.05749486652977,0.0
CGGA_641,CGGA-325 WHO II-III,cohort-internal z (n=325 reference),-0.5638717439596925,-0.5539841403247886,0.30428758490127905,-0.3178518746103952,-0.6271804935162791,112.06570841889118,1.0
CGGA_642,CGGA-325 WHO II-III,cohort-internal z (n=325 reference),-0.34533648439517095,-0.5478343676182342,0.14396646678082733,-0.5764662233684781,-0.653787577903089,139.59753593429159,0.0
CGGA_655,CGGA-325 WHO II-III,cohort-internal z (n=325 reference),-0.18656392846666145,-0.3735908075991943,0.14807726468135166,-0.3562507850700032,-0.42740394420817845,139.00616016427105,0.0
CGGA_662,CGGA-325 WHO II-III,cohort-internal z (n=325 reference),-0.7476197581241473,-0.44943800431336456,-0.6946363049261516,-0.42795959375963255,-0.44132406952998926,9.330595482546201,1.0
CGGA_666,CGGA-325 WHO II-III,cohort-internal z (n=325 reference),-0.6477179251803661,-0.5785832311510061,-0.02868704504119808,-0.5436189626138735,-0.6892820610477816,82.10266940451746,1.0
CGGA_671,CGGA-325 WHO II-III,cohort-internal z (n=325 reference),-0.722644299888202,-0.7261777761083105,1.1223363671056357,-0.628281620615178,-1.0914554693445515,138.4804928131417,0.0
CGGA_675,CGGA-325 WHO II-III,cohort-internal z (n=325 reference),-0.37298788458496757,-0.4248389134871472,2.388462120467153,-0.7046168040589771,-1.1992990774817918,138.31622176591375,0.0
CGGA_685,CGGA-325 WHO II-III,cohort-internal z (n=325 reference),-0.6075787958725968,-0.055852551093886094,-1.6647846094499117,-0.7351508774364967,-0.1392443914990431,106.41478439425052,1.0
CGGA_689,CGGA-325 WHO II-III,cohort-internal z (n=325 reference),-0.3444445037438872,-0.5806331553865242,1.0154556216920012,-0.6602036064189486,-0.9162319355118049,137.7905544147844,0.0
CGGA_694,CGGA-325 WHO II-III,cohort-internal z (n=325 reference),-0.5834953182879352,-0.5724334584444516,-0.9412841789576162,-0.18414964421489266,-0.28037925360611726,39.227926078028744,1.0
CGGA_698,CGGA-325 WHO II-III,cohort-internal z (n=325 reference),-0.6129306797802995,-0.28749398970743334,-0.8261818377429327,-0.744403626944836,-0.4519343812099731,60.813141683778234,1.0
CGGA_704,CGGA-325 WHO II-III,cohort-internal z (n=325 reference),-0.5701156085186789,0.04459373644650171,-1.1714888613869827,-0.4025145326116996,-0.04084876766996217,84.50102669404518,1.0
CGGA_715,CGGA-325 WHO II-III,cohort-internal z (n=325 reference),-0.9358276755450211,-0.5478343676182342,1.718402062681675,-0.49365411526884145,-1.1410573787944747,112.65708418891171,0.0
CGGA_725,CGGA-325 WHO II-III,cohort-internal z (n=325 reference),-0.4925132918569916,-0.7343774730503829,0.17685284998502224,-0.2725134020195327,-0.6403244472670343,136.24640657084188,0.0
CGGA_752,CGGA-325 WHO II-III,cohort-internal z (n=325 reference),-0.4773496207851676,-0.09890096003976646,-0.020465449240149078,-0.7351508774364967,-0.5167410441863138,120.9034907597536,0.0
CGGA_757,CGGA-325 WHO II-III,cohort-internal z (n=325 reference),-0.6557457510419199,-0.5560340645603067,0.17685284998502224,-0.27713977677370233,-0.6020114824412213,34.39835728952772,1.0
CGGA_760,CGGA-325 WHO II-III,cohort-internal z (n=325 reference),-0.621850486293137,-0.7569266396410823,0.7605861518594883,-0.51215961428552,-0.9379480789765161,135.03080082135523,0.0
CGGA_762,CGGA-325 WHO II-III,cohort-internal z (n=325 reference),-0.5692236278673952,-0.68312936716243,0.8058049287652566,-0.5278892884496968,-0.9084523809083229,134.86652977412732,0.0
CGGA_785,CGGA-325 WHO II-III,cohort-internal z (n=325 reference),-0.8020305778524568,-0.6626301248072489,0.2631796058960348,-0.46682114169465755,-0.8006846264437137,115.5482546201232,1.0
CGGA_812,CGGA-325 WHO II-III,cohort-internal z (n=325 reference),-0.7199683579343508,-0.7466770184634917,-0.87962221044975,-0.5320530257284495,-0.5778829741557601,132.56673511293636,0.0
CGGA_815,CGGA-325 WHO II-III,cohort-internal z (n=325 reference),-0.31768508420537445,-0.7282277003438286,0.8058049287652566,-0.36133979729958976,-0.7845538860937876,72.9034907597536,1.0
CGGA_818,CGGA-325 WHO II-III,cohort-internal z (n=325 reference),-0.7235362805394858,-0.6380310339810314,-0.16845417365902784,-0.5528717121222129,-0.7076012689223468,132.30390143737165,0.0
CGGA_834,CGGA-325 WHO II-III,cohort-internal z (n=325 reference),-0.13126112808706833,2.87758902993254,0.3947251387128159,0.27663728130040355,1.3387941203411073,131.84394250513347,0.0
CGGA_835,CGGA-325 WHO II-III,cohort-internal z (n=325 reference),-0.8118423650165781,-0.41663921654507474,-1.3071451921042883,-0.5602739117288843,-0.36044123321195637,16.985626283367555,0.0
CGGA_838,CGGA-325 WHO II-III,cohort-internal z (n=325 reference),-0.6548537703906362,-0.5970325492706691,-0.678193113324054,-0.4756112537275799,-0.5125557541477715,131.7782340862423,0.0
CGGA_843,CGGA-325 WHO II-III,cohort-internal z (n=325 reference),0.05783876998508918,-0.6175317916258503,1.1593335482103553,-0.44368926792380936,-0.7598824453199743,131.5811088295688,0.0
CGGA_856,CGGA-325 WHO II-III,cohort-internal z (n=325 reference),-0.6272023702008396,-0.5929327007996328,-1.0851621054759704,-0.5565728119255486,-0.445527828124994,42.61190965092403,0.0
CGGA_858,CGGA-325 WHO II-III,cohort-internal z (n=325 reference),-1.0098620696015732,-0.7630764123476366,0.8016941308647322,-0.5894200726801531,-1.0877973982558664,130.8911704312115,0.0
CGGA_864,CGGA-325 WHO II-III,cohort-internal z (n=325 reference),-0.8234381134832671,-0.701578685282093,-0.6699715175230053,-0.370592546807929,-0.5561370627126062,130.6611909650924,0.0
CGGA_884,CGGA-325 WHO II-III,cohort-internal z (n=325 reference),-0.5148128081390856,-0.46378747396199144,-0.3698832707847235,-0.8299915598969743,-0.6579154316426988,37.158110882956876,1.0
CGGA_892,CGGA-325 WHO II-III,cohort-internal z (n=325 reference),-0.21153938670260672,-0.6093320946837778,0.9044640783778424,-0.5917332600572379,-0.8359870099993907,14.718685831622176,0.0
CGGA_893,CGGA-325 WHO II-III,cohort-internal z (n=325 reference),-0.7690272937549577,-0.5375847464406437,-0.0327978429417224,-0.5440816000892905,-0.7008386065239648,103.81930184804928,1.0
CGGA_898,CGGA-325 WHO II-III,cohort-internal z (n=325 reference),-0.5460321309340173,-0.6216316400968865,0.4440547135191092,-0.47468597877674595,-0.762389202626823,54.63655030800821,1.0
CGGA_904,CGGA-325 WHO II-III,cohort-internal z (n=325 reference),0.11581751231853371,0.07124275150823722,-0.867289816748177,-0.5787794107455628,-0.008301970524904573,25.429158110882955,1.0
CGGA_905,CGGA-325 WHO II-III,cohort-internal z (n=325 reference),-0.722644299888202,-0.6810794429269119,-0.6329743364182857,-0.628281620615178,-0.6529846675251247,104.27926078028747,1.0
CGGA_908,CGGA-325 WHO II-III,cohort-internal z (n=325 reference),-0.5085689435800993,-0.2587950504101797,-1.1016052970780679,-0.448778280153396,-0.2044067516618432,80.03285420944559,1.0
CGGA_909,CGGA-325 WHO II-III,cohort-internal z (n=325 reference),-0.42026285910300687,-0.5150355798499444,1.085339186000916,-0.7161827409444012,-0.9488655377221228,128.78850102669404,0.0
CGGA_D04,CGGA-325 WHO II-III,cohort-internal z (n=325 reference),-0.7458357968215799,-0.5970325492706691,0.6002650337390362,-0.6481750320581074,-0.9229222848639204,121.46201232032854,0.0
CGGA_D07,CGGA-325 WHO II-III,cohort-internal z (n=325 reference),-0.8118423650165781,-0.439188383135774,-0.5014288036015047,-0.5662881989093048,-0.5654473541748829,121.26488706365502,0.0
CGGA_D15,CGGA-325 WHO II-III,cohort-internal z (n=325 reference),-0.3827996717490889,-0.6318812612744771,0.5920434379379875,-0.641235469926853,-0.8400702360634553,120.54209445585215,0.0
CGGA_D20,CGGA-325 WHO II-III,cohort-internal z (n=325 reference),-0.8100584037140107,-0.6339311855099952,0.6783701938489998,-0.4584936671371522,-0.8842286002705276,77.7659137577002,1.0
CGGA_D21,CGGA-325 WHO II-III,cohort-internal z (n=325 reference),-0.2802218968514565,0.04049388797546556,-0.9741705621618115,-0.4700596040225763,-0.047238664587572726,39.68788501026694,1.0
CGGA_D24,CGGA-325 WHO II-III,cohort-internal z (n=325 reference),-0.4773496207851676,0.206537751052433,-1.385250352214252,-0.8447959591103171,-0.10306716774042227,27.498973305954827,1.0
CGGA_D27,CGGA-325 WHO II-III,cohort-internal z (n=325 reference),-0.685181112534284,-0.42073906501611097,1.3114330705297588,-0.6245805208118423,-0.9834046194625728,119.91786447638604,0.0
CGGA_D29,CGGA-325 WHO II-III,cohort-internal z (n=325 reference),-0.7422678742164448,-0.5191354283209806,0.25906880799551046,-0.33774528605332466,-0.6558641942277456,119.68788501026694,0.0
CGGA_D33,CGGA-325 WHO II-III,cohort-internal z (n=325 reference),-0.4265067236619932,-0.4924864132592451,0.35361715970757196,-0.3409837483812434,-0.5860374912662412,3.811088295687885,1.0
CGGA_D40,CGGA-325 WHO II-III,cohort-internal z (n=325 reference),-0.5968750280571916,-0.6462307309231039,1.2744358894250392,-0.7291365902560761,-1.1064721531245145,116.86242299794661,0.0
CGGA_D45,CGGA-325 WHO II-III,cohort-internal z (n=325 reference),-0.7164004353292158,-0.40843951960300223,2.7378799420117272,-0.6342959077955985,-1.3297544729251702,28.123203285420946,0.0
CGGA_D46,CGGA-325 WHO II-III,cohort-internal z (n=325 reference),0.735744064960748,2.2503122138639964,0.9373504615820376,0.3973856623842311,1.2006649324294663,9.856262833675565,1.0
CGGA_D47,CGGA-325 WHO II-III,cohort-internal z (n=325 reference),0.2692381843393407,0.21268752375898742,0.4728302988227794,-0.242904603592847,-0.060860568334038766,34.431211498973305,1.0
CGGA_D48,CGGA-325 WHO II-III,cohort-internal z (n=325 reference),-0.9304757916373184,0.8522638852406401,-1.1427132760833123,-0.16980788247696665,0.3452648699232371,7.260780287474333,1.0
CGGA_D52,CGGA-325 WHO II-III,cohort-internal z (n=325 reference),-0.9197720238219133,-0.34489186830194063,2.1418142464356884,-0.422870581530046,-1.1096182680828688,115.94250513347022,0.0
CGGA_D56,CGGA-325 WHO II-III,cohort-internal z (n=325 reference),0.7571516005915581,0.1470899482224076,2.306246162456665,1.3263617130214946,0.351062079747212,2.102669404517454,1.0
CGGA_277,CGGA-325 WHO II-III,cohort-internal z (n=325 reference),-1.0232417793708295,-0.5478343676182342,-0.678193113324054,-0.20959470536282554,-0.45729048573856884,155.69609856262835,0.0
CGGA_J023,CGGA-325 WHO II-III,cohort-internal z (n=325 reference),-0.4452383173389523,3.3839203161055154,-1.6894493968530584,-0.7374640648135815,1.5019523175731262,33.7741273100616,1.0
CGGA_J024,CGGA-325 WHO II-III,cohort-internal z (n=325 reference),-0.5826033376366515,-0.6995287610465749,0.6413730127442802,-0.7578201137319279,-0.9906517570545794,112.03285420944559,0.0
CGGA_J042,CGGA-325 WHO II-III,cohort-internal z (n=325 reference),-0.3319567746259146,-0.4309886861937015,0.6043758316395605,-0.6481750320581074,-0.740080893808427,46.29158110882957,1.0
CGGA_1004,CGGA-325 WHO II-III,cohort-internal z (n=325 reference),-0.1491007411127435,-0.7856255789383358,-0.0245762471406734,0.4478131472046802,-0.1820866284601802,29.53593429158111,1.0
CGGA_1059,CGGA-325 WHO II-III,cohort-internal z (n=325 reference),-0.33374073592848214,1.1905013841011296,-1.5866794493399479,-0.6347585452710155,0.5387670476699327,0.6899383983572895,1.0
CGGA_1071,CGGA-325 WHO II-III,cohort-internal z (n=325 reference),0.17379625465197823,0.4340793411949441,-0.4479884308946874,0.7693461926194701,0.7215852889167665,106.84188911704312,1.0
CGGA_1118,CGGA-325 WHO II-III,cohort-internal z (n=325 reference),0.5189927666987937,-0.27314452005880646,-1.1961536487901294,-0.6847233926160476,-0.03643077620675291,13.075975359342916,1.0
CGGA_1246,CGGA-325 WHO II-III,cohort-internal z (n=325 reference),-0.6958848803496892,-0.3571914137150493,-0.20134055686322314,-0.6962893295014717,-0.6312279294053366,97.64271047227926,0.0
CGGA_243,CGGA-325 WHO II-III,cohort-internal z (n=325 reference),-0.5826033376366515,-0.31619292900468693,-1.5455714703347039,-0.7744750628469386,-0.3006954902897543,97.80698151950719,0.0
CGGA_247,CGGA-325 WHO II-III,cohort-internal z (n=325 reference),5.482865091092926,1.5512880495523182,-2.458168604251122,-0.8397069468807306,2.316685991923572,20.008213552361397,1.0
CGGA_738,CGGA-325 WHO II-III,cohort-internal z (n=325 reference),-0.6396900993188123,-0.6093320946837778,-0.44387763299416305,-0.6754706431077083,-0.6659222407054307,135.75359342915812,0.0
